"Name","Team","W","L","SV","G","GS","IP","K/9","BB/9","HR/9","BABIP","LOB%","GB%","HR/FB","ERA","FIP","xFIP","WAR","playerid"
"J.P. Arencibia","Rangers","0","0","0","1","0","1.0","0.00","0.00","0.00",".250","100.0 %","25.0 %","0.0 %","0.00","3.13","6.84","0.0","697"
"Pedro Beato","Braves","0","0","0","3","0","4.1","6.23","6.23","0.00",".231","100.0 %","23.1 %","0.0 %","0.00","3.82","6.11","0.0","1330"
"Curtis Partch","Reds","1","0","0","6","0","7.0","7.71","9.00","0.00",".118","100.0 %","41.2 %","0.0 %","0.00","4.42","5.65","0.0","1333"
"Lyle Overbay","Brewers","0","0","0","1","0","0.1","0.00","0.00","0.00",".000","100.0 %","0.0 %","0.0 %","0.00","3.13","6.84","0.0","1617"
"Joe Savery","Athletics","0","0","0","3","0","4.0","0.00","2.25","0.00",".214","100.0 %","50.0 %","0.0 %","0.00","3.88","5.43","0.0","2835"
"Drake Britton","Red Sox","0","0","0","7","0","6.2","5.40","2.70","0.00",".238","100.0 %","33.3 %","0.0 %","0.00","2.83","4.50","0.2","2868"
"Mitch Moreland","Rangers","0","0","0","1","0","1.0","0.00","0.00","0.00",".000","100.0 %","33.3 %","0.0 %","0.00","3.13","4.37","0.0","3086"
"Skip Schumaker","Reds","0","0","0","1","0","1.0","0.00","9.00","0.00",".000","100.0 %","33.3 %","0.0 %","0.00","6.13","8.60","0.0","3704"
"Kyle Drabek","Blue Jays","0","0","0","2","0","3.0","15.00","6.00","0.00",".333","100.0 %","16.7 %","0.0 %","0.00","1.80","3.86","0.1","4359"
"Steve Tolleson","Blue Jays","0","0","0","2","0","1.0","9.00","0.00","0.00",".333","100.0 %","0.0 %","0.0 %","0.00","1.13","3.60","0.0","4450"
"John Baker","Cubs","1","0","0","1","0","1.0","0.00","9.00","0.00",".000","100.0 %","50.0 %","0.0 %","0.00","6.13","7.37","0.0","4756"
"Jose Alvarez","Angels","0","0","0","2","0","0.2","13.50","0.00","0.00",".500","100.0 %","50.0 %","0.0 %","0.00","0.13","1.99","0.0","5358"
"Jorge Rondon","Cardinals","0","0","0","1","0","1.0","0.00","9.00","0.00",".000","100.0 %","33.3 %","0.0 %","0.00","6.13","7.37","0.0","5791"
"Martin Maldonado","Brewers","0","0","0","1","0","1.0","0.00","0.00","0.00",".250","100.0 %","25.0 %","0.0 %","0.00","3.13","3.13","0.0","6887"
"Chris Gimenez","Rangers","0","0","0","1","0","1.0","9.00","0.00","0.00",".000","100.0 %","50.0 %","0.0 %","0.00","1.13","2.37","0.0","7324"
"Hunter Strickland","Giants","1","0","1","9","0","7.0","11.57","0.00","0.00",".313","100.0 %","56.3 %","0.0 %","0.00","0.56","1.09","0.2","7836"
"Ramon Ramirez","Orioles","0","0","0","1","0","1.0","18.00","9.00","0.00",".000","100.0 %","100.0 %","0.0 %","0.00","2.13","2.13","0.0","7986"
"Daniel Descalso","Cardinals","0","0","0","1","0","0.1","0.00","0.00","0.00",".000","100.0 %","0.0 %","0.0 %","0.00","3.13","6.84","0.0","8392"
"Wilking Rodriguez","Royals","0","0","0","2","0","2.0","4.50","4.50","0.00",".200","100.0 %","0.0 %","0.0 %","0.00","3.63","6.10","0.0","8801"
"David Carpenter","Angels","0","0","0","1","0","3.0","0.00","0.00","0.00",".100","100.0 %","50.0 %","0.0 %","0.00","5.13","6.78","0.0","9244"
"Ryan Buchter","Braves","1","0","0","1","0","1.0","9.00","9.00","0.00",".000","100.0 %","100.0 %","0.0 %","0.00","4.13","4.13","0.0","9456"
"Melvin Mercedes","Tigers","0","0","0","1","0","2.0","9.00","0.00","0.00",".000","100.0 %","75.0 %","0.0 %","0.00","1.13","1.75","0.0","10181"
"Stephen Pryor","Mariners","0","0","0","0","0","1.2","5.40","10.80","0.00",".200","66.7 %","60.0 %","0.0 %","0.00","5.53","6.27","0.0","10663"
"Jake Dunning","Giants","0","0","0","1","0","0.2","0.00","13.50","0.00",".000","100.0 %","0.0 %","0.0 %","0.00","7.63","9.49","0.0","10803"
"Hector Neris","Phillies","1","0","0","1","0","1.0","9.00","0.00","0.00",".000","100.0 %","50.0 %","0.0 %","0.00","1.13","2.37","0.1","11804"
"Carson Smith","Mariners","1","0","0","9","0","8.1","10.80","3.24","0.00",".125","100.0 %","81.3 %","0.0 %","0.00","1.81","2.11","0.2","13172"
"Chasen Shreve","Braves","0","0","0","15","0","12.1","10.95","2.19","0.00",".313","92.3 %","48.4 %","0.0 %","0.73","1.43","2.53","0.3","10855"
"Tom Gorzelanny","Brewers","0","0","0","23","0","21.0","9.86","3.43","0.43",".344","94.8 %","43.5 %","4.5 %","0.86","2.99","3.67","0.2","6244"
"Jason Lane","Padres","0","1","0","3","1","10.1","5.23","0.00","0.87",".188","100.0 %","45.5 %","10.0 %","0.87","3.23","3.17","0.1","1397"
"Matt Albers","Astros","0","0","0","8","0","10.0","7.20","2.70","0.00",".333","92.9 %","53.3 %","0.0 %","0.90","2.73","3.47","0.2","4300"
"Tom Layne","Red Sox","2","1","0","30","0","19.0","6.63","3.79","0.00",".264","82.6 %","47.2 %","0.0 %","0.95","3.08","3.93","0.2","7501"
"Spencer Patton","Rangers","1","0","0","9","0","9.1","7.71","1.93","0.00",".240","87.5 %","54.2 %","0.0 %","0.96","2.06","2.99","0.2","12361"
"Wade Davis","Royals","9","2","3","71","0","72.0","13.63","2.88","0.00",".264","87.5 %","47.6 %","0.0 %","1.00","1.19","1.93","3.0","7441"
"Fernando Rodriguez","Athletics","1","0","0","7","0","9.0","4.00","2.00","0.00",".148","83.3 %","33.3 %","0.0 %","1.00","2.91","4.97","0.1","7558"
"Ryan Mattheus","Nationals","0","0","0","7","0","8.2","4.15","4.15","0.00",".269","91.7 %","50.0 %","0.0 %","1.04","3.94","4.94","0.0","7169"
"Aaron Sanchez","Blue Jays","2","2","3","24","0","33.0","7.36","2.45","0.27",".157","84.1 %","65.9 %","6.3 %","1.09","2.80","3.00","0.5","11490"
"Drew Storen","Nationals","2","1","11","65","0","56.1","7.35","1.76","0.32",".259","90.6 %","52.5 %","3.8 %","1.12","2.71","3.39","1.0","6983"
"R.J. Alvarez","Padres","0","0","0","10","0","8.0","10.13","5.63","0.00",".167","88.9 %","22.2 %","0.0 %","1.13","3.13","4.68","0.1","13401"
"Ken Giles","Phillies","3","1","1","44","0","45.2","12.61","2.17","0.20",".267","83.8 %","44.3 %","2.8 %","1.18","1.34","2.03","1.7","12910"
"Brandon Finnegan","Royals","0","1","0","7","0","7.0","12.86","1.29","0.00",".353","85.7 %","58.8 %","0.0 %","1.29","0.70","1.41","0.3","16208"
"Josh Edgin","Mets","1","0","0","47","0","27.1","9.22","1.98","0.66",".250","85.6 %","50.7 %","8.3 %","1.32","2.69","2.83","0.4","10796"
"Dan Jennings","Marlins","0","2","0","47","0","40.1","8.48","3.79","0.67",".339","88.2 %","48.8 %","7.7 %","1.34","3.48","3.71","0.1","8073"
"Huston Street","- - -","2","2","41","61","0","59.1","8.65","2.12","0.61",".247","93.3 %","36.3 %","5.9 %","1.37","2.80","3.34","1.2","8258"
"Dellin Betances","Yankees","5","0","1","70","0","90.0","13.50","2.40","0.40",".241","86.3 %","46.6 %","6.9 %","1.40","1.64","1.86","3.1","6216"
"Kelvin Herrera","Royals","4","3","0","70","0","70.0","7.59","3.34","0.00",".274","85.5 %","49.2 %","0.0 %","1.41","2.69","3.50","1.2","6033"
"Neil Ramirez","Cubs","3","3","3","50","0","43.2","10.92","3.50","0.41",".262","81.9 %","26.0 %","3.8 %","1.44","2.61","3.48","0.8","7677"
"Greg Holland","Royals","1","3","46","65","0","62.1","12.99","2.89","0.43",".268","83.3 %","48.1 %","6.7 %","1.44","1.83","2.10","2.2","7196"
"Buddy Carlyle","Mets","1","1","0","27","0","31.0","8.13","1.45","0.58",".250","87.3 %","36.9 %","5.7 %","1.45","2.65","3.21","0.3","2010"
"Derek Holland","Rangers","2","0","0","6","5","37.0","6.08","1.22","0.00",".296","79.5 %","41.4 %","0.0 %","1.46","2.19","3.72","1.2","4141"
"Joaquin Benoit","Padres","4","2","11","53","0","54.1","10.60","2.32","0.50",".203","85.1 %","35.0 %","4.8 %","1.49","2.32","3.02","1.3","1437"
"Erik Cordier","Giants","0","0","0","7","0","6.0","13.50","3.00","0.00",".357","60.0 %","42.9 %","0.0 %","1.50","2.63","3.46","0.0","4086"
"Fernando Abad","Athletics","2","4","0","69","0","57.1","8.01","2.35","0.63",".211","88.6 %","41.0 %","6.7 %","1.57","3.25","3.64","0.6","4994"
"Michael Kirkman","Rangers","0","1","0","12","0","5.2","4.76","1.59","0.00",".313","87.5 %","62.5 %","0.0 %","1.59","3.66","4.32","0.0","9877"
"Craig Kimbrel","Braves","0","3","47","63","0","61.2","13.86","3.79","0.29",".235","81.5 %","41.4 %","4.9 %","1.61","1.83","2.24","2.3","6655"
"Tony Watson","Pirates","10","2","2","78","0","77.1","9.43","1.75","0.58",".298","88.5 %","47.7 %","8.1 %","1.63","2.69","2.84","1.5","3132"
"Zach Britton","Orioles","3","2","37","71","0","76.1","7.31","2.71","0.47",".215","82.3 %","75.3 %","17.4 %","1.65","3.13","2.82","1.0","3240"
"Cesar Jimenez","Phillies","0","0","0","16","0","16.0","4.50","3.94","0.56",".265","91.8 %","40.8 %","4.3 %","1.69","4.26","5.22","0.0","3762"
"Santiago Casilla","Giants","3","3","19","54","0","58.1","6.94","2.31","0.46",".211","82.0 %","56.3 %","6.8 %","1.70","3.18","3.45","0.6","2873"
"Darren O'Day","Orioles","5","2","4","68","0","68.2","9.57","2.49","0.79",".218","90.8 %","44.6 %","9.5 %","1.70","3.32","3.32","0.9","3321"
"Matt Thornton","- - -","1","3","0","64","0","36.0","7.00","2.00","0.00",".297","80.4 %","56.0 %","0.0 %","1.75","2.66","3.83","0.7","1918"
"Clayton Kershaw","Dodgers","21","3","0","27","27","198.1","10.85","1.41","0.41",".278","81.6 %","51.8 %","6.6 %","1.77","1.81","2.08","7.6","2036"
"Yimi Garcia","Dodgers","0","0","0","8","0","10.0","8.10","0.90","1.80",".167","100.0 %","38.5 %","15.4 %","1.80","4.23","3.24","0.0","12095"
"Kyle Crockett","Indians","4","1","0","43","0","30.0","8.40","2.40","0.60",".296","90.6 %","55.6 %","9.5 %","1.80","3.23","3.23","0.3","15033"
"Joe Smith","Angels","7","2","15","76","0","74.2","8.20","1.81","0.48",".214","82.8 %","59.1 %","8.0 %","1.81","2.85","2.98","1.1","3281"
"Bryan Morris","- - -","8","1","0","60","0","64.1","6.99","3.36","0.84",".277","88.9 %","59.4 %","15.0 %","1.82","4.10","3.65","-0.4","10234"
"Pat Neshek","Cardinals","7","2","6","71","0","67.1","9.09","1.20","0.53",".233","83.0 %","34.7 %","4.3 %","1.87","2.37","3.29","1.9","4682"
"Eric Jokisch","Cubs","0","0","0","4","1","14.1","6.28","2.51","1.88",".306","89.9 %","51.0 %","23.1 %","1.88","5.30","3.70","-0.2","11157"
"Michael Pineda","Yankees","5","5","0","13","13","76.1","6.96","0.83","0.59",".233","80.4 %","39.1 %","5.4 %","1.89","2.71","3.37","2.2","5372"
"Jake McGee","Rays","5","2","19","73","0","71.1","11.36","2.02","0.25",".280","80.7 %","38.0 %","2.9 %","1.89","1.73","2.58","2.6","7550"
"Mark Melancon","Pirates","3","5","33","72","0","71.0","9.00","1.39","0.25",".258","80.4 %","57.4 %","4.7 %","1.90","2.09","2.47","2.0","4264"
"Alex Wilson","Red Sox","1","0","0","18","0","28.1","6.04","1.59","0.95",".213","83.3 %","43.9 %","9.7 %","1.91","3.91","3.88","0.0","9239"
"Red Patterson","Dodgers","0","0","0","1","1","4.2","1.93","5.79","0.00",".133","80.0 %","60.0 %","0.0 %","1.93","4.63","5.96","0.0","10710"
"Jared Hughes","Pirates","7","5","0","63","0","64.1","5.04","2.66","0.56",".246","78.1 %","64.6 %","12.5 %","1.96","3.99","3.79","-0.3","9325"
"Zach Putnam","White Sox","5","3","6","49","0","54.2","7.57","3.29","0.33",".257","80.4 %","53.1 %","4.3 %","1.98","3.08","3.64","0.7","9080"
"Neftali Feliz","Rangers","2","1","13","30","0","31.2","5.97","3.13","1.42",".176","100.0 %","27.3 %","11.1 %","1.99","4.90","4.60","-0.2","18"
"John Holdzkom","Pirates","1","0","1","9","0","9.0","14.00","2.00","1.00",".200","87.0 %","56.3 %","14.3 %","2.00","2.13","1.65","0.2","9392"
"Aroldis Chapman","Reds","0","3","36","54","0","54.0","17.67","4.00","0.17",".290","76.8 %","43.5 %","4.2 %","2.00","0.89","1.20","2.7","10233"
"Frank Garces","Padres","0","0","0","15","0","9.0","10.00","1.00","1.00",".292","93.0 %","16.0 %","7.7 %","2.00","3.02","3.36","0.1","13144"
"Andrew Miller","- - -","5","5","1","73","0","62.1","14.87","2.45","0.43",".263","76.8 %","46.9 %","8.6 %","2.02","1.51","1.58","2.2","6785"
"Jonathan Papelbon","Phillies","2","3","39","66","0","66.1","8.55","2.04","0.27",".247","80.4 %","41.9 %","2.7 %","2.04","2.53","3.50","1.9","5975"
"Cody Allen","Indians","6","4","24","76","0","69.2","11.76","3.36","0.90",".266","82.8 %","36.3 %","9.2 %","2.07","2.99","3.03","1.1","12183"
"Scott Elbert","Dodgers","1","0","0","7","0","4.1","4.15","2.08","0.00",".267","80.0 %","46.7 %","0.0 %","2.08","2.90","4.33","0.0","7489"
"A.J. Ramos","Marlins","7","0","0","68","0","64.0","10.27","6.05","0.14",".233","81.9 %","42.2 %","1.8 %","2.11","3.21","4.11","0.5","8350"
"Luke Gregerson","Athletics","5","5","3","72","0","72.1","7.34","1.87","0.75",".256","82.3 %","52.2 %","9.1 %","2.12","3.24","3.29","0.9","4090"
"Mike Fiers","Brewers","6","5","0","14","10","71.2","9.54","2.13","0.88",".224","82.7 %","33.3 %","8.4 %","2.13","2.99","3.15","1.7","7754"
"Felix Hernandez","Mariners","15","6","0","34","34","236.0","9.46","1.75","0.61",".258","77.0 %","56.2 %","10.1 %","2.14","2.56","2.51","6.1","4772"
"Sam Dyson","Marlins","3","1","0","31","0","42.0","7.07","3.21","0.21",".310","78.1 %","63.3 %","4.3 %","2.14","3.16","3.52","0.2","11710"
"Dominic Leone","Mariners","8","2","0","57","0","66.1","9.50","3.39","0.54",".282","83.3 %","54.7 %","9.5 %","2.17","3.07","3.07","0.6","13763"
"Chris Sale","White Sox","12","4","0","26","26","174.0","10.76","2.02","0.67",".280","81.5 %","40.7 %","7.5 %","2.17","2.57","2.83","5.1","10603"
"Tyler Clippard","Nationals","7","4","1","75","0","70.1","10.49","2.94","0.64",".251","76.6 %","36.9 %","6.0 %","2.18","2.75","3.28","1.5","5640"
"Roman Mendez","Rangers","0","1","0","30","0","33.0","6.00","4.64","0.55",".194","85.6 %","43.2 %","4.7 %","2.18","4.31","5.14","0.0","10307"
"Joe Beimel","Mariners","3","1","0","55","0","45.0","5.00","2.80","0.80",".250","86.8 %","49.6 %","9.5 %","2.20","4.18","4.17","-0.2","979"
"Jeurys Familia","Mets","2","5","5","76","0","77.1","8.50","3.72","0.35",".264","75.5 %","57.4 %","5.2 %","2.21","3.07","3.49","0.8","5114"
"Pedro Strop","Cubs","2","4","2","65","0","61.0","10.48","3.69","0.30",".268","75.5 %","55.0 %","6.9 %","2.21","2.66","2.82","1.1","4070"
"Eric O'Flaherty","Athletics","1","0","1","21","0","20.0","6.75","1.80","1.35",".214","95.2 %","54.4 %","18.8 %","2.25","4.48","3.52","-0.1","5746"
"Johnny Cueto","Reds","20","9","0","34","34","243.2","8.94","2.40","0.81",".238","82.5 %","46.2 %","10.3 %","2.25","3.30","3.21","4.6","6893"
"Tom Wilhelmsen","Mariners","3","2","1","57","2","79.1","8.17","4.08","0.68",".204","82.3 %","51.7 %","10.0 %","2.27","3.74","3.69","0.2","9975"
"Jeremy Affeldt","Giants","4","2","0","62","0","55.1","6.67","2.28","0.16",".279","80.2 %","66.7 %","3.7 %","2.28","2.86","3.23","0.5","583"
"Dan Otero","Athletics","8","2","1","72","0","86.2","4.67","1.56","0.42",".270","79.9 %","56.4 %","7.1 %","2.28","3.28","3.48","0.6","7385"
"Burke Badenhop","Red Sox","0","3","1","70","0","70.2","5.09","2.42","0.13",".304","79.2 %","61.0 %","2.3 %","2.29","3.08","3.64","0.8","9736"
"Jonathan Broxton","- - -","4","3","7","62","0","58.2","7.52","2.91","0.61",".234","83.0 %","45.9 %","5.7 %","2.30","3.37","3.96","0.7","4759"
"Dale Thayer","Padres","4","5","0","70","0","65.1","8.54","2.20","1.24",".250","89.0 %","39.1 %","12.5 %","2.34","3.85","3.42","0.1","5032"
"Drew Pomeranz","Athletics","5","4","0","20","10","69.0","8.35","3.39","0.91",".244","82.1 %","45.7 %","10.4 %","2.35","3.77","3.65","0.7","11426"
"Brad Boxberger","Rays","5","2","2","63","0","64.2","14.47","2.78","1.25",".227","90.3 %","41.2 %","18.8 %","2.37","2.84","1.95","1.0","10133"
"Adam Wainwright","Cardinals","20","9","0","32","32","227.0","7.10","1.98","0.40",".267","78.0 %","46.3 %","5.3 %","2.38","2.88","3.34","4.8","2233"
"J.P. Howell","Dodgers","3","3","0","68","0","49.0","8.82","4.59","0.37",".236","79.3 %","57.5 %","6.7 %","2.39","3.30","3.52","0.4","8245"
"Justin De Fratus","Phillies","3","1","0","54","0","52.2","8.37","2.05","0.68",".272","75.4 %","39.2 %","6.7 %","2.39","3.11","3.53","0.6","4955"
"Doug Fister","Nationals","16","6","0","25","25","164.0","5.38","1.32","0.99",".262","83.1 %","48.9 %","10.1 %","2.41","3.93","3.85","1.4","9425"
"Hector Rondon","Cubs","4","4","29","64","0","63.1","8.95","2.13","0.28",".286","71.7 %","49.2 %","4.1 %","2.42","2.26","2.81","1.6","2391"
"Jose Fernandez","Marlins","4","2","0","8","8","51.2","12.19","2.26","0.70",".271","69.1 %","48.8 %","9.5 %","2.44","2.18","2.18","1.6","11530"
"Corey Kluber","Indians","18","9","0","34","34","235.2","10.27","1.95","0.53",".316","78.6 %","48.0 %","7.4 %","2.44","2.35","2.57","7.2","2429"
"Bryan Mitchell","Yankees","0","1","0","3","1","11.0","5.73","2.45","0.00",".313","80.0 %","54.8 %","0.0 %","2.45","3.22","3.90","0.1","11479"
"Aaron Thompson","Twins","0","0","0","7","0","7.1","7.36","2.45","0.00",".348","80.0 %","26.1 %","0.0 %","2.45","2.31","4.17","0.1","999"
"Zach Duke","Brewers","5","1","0","74","0","58.2","11.35","2.61","0.46",".319","76.1 %","57.7 %","10.3 %","2.45","2.14","2.09","1.4","3840"
"Bobby LaFromboise","Pirates","0","0","0","6","0","3.2","9.82","0.00","2.45",".222","100.0 %","30.0 %","25.0 %","2.45","4.50","2.30","0.0","7758"
"Jon Lester","- - -","16","11","0","32","32","219.2","9.01","1.97","0.66",".299","76.1 %","42.4 %","7.2 %","2.46","2.80","3.10","5.6","4930"
"Cole Hamels","Phillies","9","9","0","30","30","204.2","8.71","2.59","0.62",".295","81.9 %","46.4 %","8.2 %","2.46","3.07","3.21","4.2","4972"
"Kyle Hendricks","Cubs","7","2","0","13","13","80.1","5.27","1.68","0.45",".271","78.5 %","47.8 %","4.9 %","2.46","3.32","3.92","1.6","12049"
"Kevin Quackenbush","Padres","3","3","6","56","0","54.1","9.28","2.98","0.33",".278","79.4 %","37.1 %","3.8 %","2.48","2.65","3.36","0.9","12360"
"Blake Treinen","Nationals","2","3","0","15","7","50.2","5.33","2.31","0.18",".333","77.9 %","59.3 %","3.1 %","2.49","3.09","3.62","0.6","12572"
"Al Alburquerque","Tigers","3","1","1","72","0","57.1","9.89","3.30","1.10",".275","89.7 %","45.0 %","13.2 %","2.51","3.78","3.33","0.1","6324"
"Koji Uehara","Red Sox","6","5","26","64","0","64.1","11.19","1.12","1.40",".273","91.3 %","32.3 %","14.3 %","2.52","3.09","2.41","1.1","9227"
"Jake Arrieta","Cubs","10","5","0","25","25","156.2","9.59","2.36","0.29",".274","74.2 %","49.2 %","4.5 %","2.53","2.26","2.73","5.1","4153"
"Danny Duffy","Royals","9","12","0","31","25","149.1","6.81","3.19","0.72",".239","77.2 %","35.8 %","6.1 %","2.53","3.83","4.42","1.9","3542"
"Blaine Hardy","Tigers","2","1","0","38","0","39.0","7.15","4.62","0.23",".289","80.2 %","52.2 %","3.1 %","2.54","3.49","4.17","0.3","6499"
"Carlos Carrasco","Indians","8","7","1","40","14","134.0","9.40","1.95","0.47",".274","75.9 %","52.8 %","7.1 %","2.55","2.44","2.66","3.1","6632"
"Andrew Cashner","Padres","5","7","0","19","19","123.1","6.79","2.12","0.51",".274","75.3 %","48.3 %","6.0 %","2.55","3.09","3.53","2.2","8782"
"Chad Jenkins","Blue Jays","1","1","0","21","0","31.2","5.12","1.71","0.57",".294","81.2 %","57.3 %","6.5 %","2.56","3.48","3.87","0.1","10326"
"Steven Wright","Red Sox","0","1","0","6","1","21.0","9.43","1.71","0.86",".328","76.6 %","58.6 %","16.7 %","2.57","2.85","2.31","0.2","8185"
"Cory Rasmus","Angels","3","2","0","30","6","56.0","9.16","2.73","0.80",".253","80.8 %","38.4 %","7.7 %","2.57","3.17","3.44","0.8","2413"
"Brandon League","Dodgers","2","3","0","63","0","63.0","5.43","3.86","0.00",".319","76.0 %","67.5 %","0.0 %","2.57","3.40","4.09","0.3","3731"
"Jean Machi","Giants","7","1","2","71","0","66.1","6.92","2.44","0.68",".230","79.0 %","52.0 %","10.2 %","2.58","3.43","3.37","0.2","3220"
"Bryan Shaw","Indians","5","5","2","80","0","76.1","7.55","2.59","0.71",".251","77.0 %","45.8 %","7.8 %","2.59","3.42","3.65","0.5","8110"
"Vic Black","Mets","2","3","0","41","0","34.2","8.31","4.93","0.52",".255","78.7 %","45.7 %","6.3 %","2.60","3.77","4.16","0.1","9195"
"Taijuan Walker","Mariners","2","3","0","8","5","38.0","8.05","4.26","0.47",".282","81.3 %","46.6 %","7.4 %","2.61","3.68","3.88","0.3","11836"
"Sam Freeman","Cardinals","2","0","0","44","0","38.0","8.29","4.50","0.47",".294","81.2 %","56.2 %","8.0 %","2.61","3.79","3.92","0.0","6832"
"Kyle Ryan","Tigers","2","0","0","6","1","10.1","3.48","1.74","0.00",".286","75.0 %","77.1 %","0.0 %","2.61","2.94","3.66","0.2","11753"
"Garrett Richards","Angels","13","4","0","26","26","168.2","8.75","2.72","0.27",".264","74.9 %","50.9 %","3.9 %","2.61","2.60","3.15","4.5","9784"
"Pedro Baez","Dodgers","0","0","0","20","0","24.0","6.75","1.88","1.13",".197","83.3 %","36.8 %","9.1 %","2.63","3.88","3.96","0.1","5420"
"Jeff Beliveau","Rays","0","0","1","30","0","24.0","10.50","2.63","0.38",".290","79.0 %","40.3 %","4.5 %","2.63","2.47","3.06","0.5","8504"
"Kevin Jepsen","Angels","0","2","2","74","0","65.0","10.38","3.18","0.55",".263","79.2 %","47.8 %","7.7 %","2.63","2.78","2.97","1.0","6475"
"Anthony Varvaro","Braves","3","3","0","61","0","54.2","8.23","2.14","0.82",".273","78.9 %","49.7 %","10.0 %","2.63","3.21","3.15","0.4","2385"
"Dana Eveland","Mets","1","1","1","30","0","27.1","8.89","1.98","0.66",".289","83.3 %","53.8 %","9.5 %","2.63","3.21","3.20","0.2","5508"
"Henderson Alvarez","Marlins","12","7","0","30","30","187.0","5.34","1.59","0.67",".304","79.3 %","53.8 %","9.5 %","2.65","3.58","3.57","2.1","5669"
"Gavin Floyd","Braves","2","2","0","9","9","54.1","7.45","2.15","0.99",".302","76.7 %","49.4 %","12.2 %","2.65","3.79","3.47","0.6","3886"
"Aaron Barrett","Nationals","3","0","0","50","0","40.2","10.84","4.43","0.22",".311","70.3 %","46.1 %","3.4 %","2.66","2.59","3.15","0.6","11243"
"Jordan Zimmermann","Nationals","14","5","0","32","32","199.2","8.20","1.31","0.59",".302","75.8 %","40.1 %","6.4 %","2.66","2.68","3.10","5.3","4505"
"Alex Colome","Rays","2","0","0","5","3","23.2","4.94","3.80","0.38",".247","79.7 %","37.8 %","3.3 %","2.66","3.85","4.87","0.3","6661"
"Danny Farquhar","Mariners","3","1","1","66","0","71.0","10.27","2.79","0.63",".298","79.2 %","41.8 %","8.8 %","2.66","2.86","2.94","0.8","8501"
"Jason Frasor","- - -","4","1","0","61","0","47.1","8.75","3.42","0.57",".291","77.1 %","46.9 %","7.9 %","2.66","3.28","3.45","0.4","1906"
"Yoervis Medina","Mariners","5","3","0","66","0","57.0","9.47","4.42","0.47",".298","82.0 %","53.3 %","7.9 %","2.68","3.45","3.59","0.3","10498"
"Jacob deGrom","Mets","9","6","0","22","22","140.1","9.24","2.76","0.45",".297","77.4 %","45.4 %","6.1 %","2.69","2.67","3.03","3.5","10954"
"Matt Moore","Rays","0","2","0","2","2","10.0","5.40","4.50","0.90",".281","88.2 %","45.5 %","11.1 %","2.70","4.73","4.54","0.0","1890"
"Erik Goeddel","Mets","0","0","0","6","0","6.2","8.10","5.40","0.00",".188","71.4 %","31.3 %","0.0 %","2.70","3.13","4.24","0.0","11712"
"Yoslan Herrera","Angels","1","1","0","20","0","16.2","7.02","4.86","0.00",".400","83.9 %","47.3 %","0.0 %","2.70","3.19","4.38","0.1","7759"
"Brett Cecil","Blue Jays","2","3","5","66","0","53.1","12.83","4.56","0.34",".344","81.5 %","53.8 %","7.1 %","2.70","2.34","2.51","1.1","2660"
"Nick Hagadone","Indians","1","0","0","35","0","23.1","10.41","2.31","1.16",".273","85.9 %","33.3 %","12.0 %","2.70","3.26","2.91","0.3","1351"
"Zack Greinke","Dodgers","17","8","0","32","32","202.1","9.21","1.91","0.85",".311","79.7 %","48.7 %","11.9 %","2.71","2.97","2.72","4.3","1943"
"Sean Doolittle","Athletics","2","4","22","61","0","62.2","12.78","1.15","0.72",".246","69.2 %","23.0 %","6.3 %","2.73","1.71","2.25","2.4","1581"
"Collin McHugh","Astros","11","9","0","25","25","154.2","9.14","2.39","0.76",".259","76.1 %","42.1 %","9.5 %","2.73","3.11","3.11","3.2","7531"
"Evan Marshall","Diamondbacks","4","4","0","57","0","49.1","9.85","3.10","0.55",".351","80.3 %","60.7 %","10.0 %","2.74","2.89","2.85","0.7","12297"
"Marc Rzepczynski","Indians","0","3","0","73","0","46.0","9.00","3.72","0.20",".323","71.9 %","59.7 %","3.7 %","2.74","2.85","3.29","0.6","6612"
"Lance Lynn","Cardinals","15","10","0","33","33","203.2","8.00","3.18","0.57",".290","78.1 %","44.3 %","6.1 %","2.74","3.35","3.81","3.4","2520"
"Scott Atchison","Indians","6","0","2","70","0","72.0","6.13","1.75","0.50",".263","73.1 %","58.8 %","8.2 %","2.75","3.08","3.20","0.8","2642"
"Kenley Jansen","Dodgers","2","3","44","68","0","65.1","13.91","2.62","0.69",".350","80.6 %","35.2 %","9.3 %","2.76","1.91","1.93","2.2","3096"
"T.J. McFarland","Orioles","4","2","0","37","1","58.2","5.22","1.99","0.31",".337","77.2 %","61.9 %","5.4 %","2.76","3.29","3.62","0.5","3237"
"Shawn Tolleson","Rangers","3","1","0","64","0","71.2","8.67","3.52","1.26",".245","87.3 %","40.3 %","12.2 %","2.76","4.23","3.83","-0.1","10481"
"Brooks Brown","Rockies","0","1","0","28","0","26.0","7.27","1.73","1.04",".230","78.0 %","58.4 %","14.3 %","2.77","3.71","3.21","0.1","5679"
"Masahiro Tanaka","Yankees","13","5","0","20","20","136.1","9.31","1.39","0.99",".299","79.5 %","46.6 %","14.0 %","2.77","3.04","2.58","3.1","15764"
"Alex Wood","Braves","11","11","0","35","24","171.2","8.91","2.36","0.84",".295","80.2 %","45.9 %","10.0 %","2.78","3.25","3.19","2.7","13781"
"George Kontos","Giants","4","0","0","24","0","32.1","7.52","3.06","0.28",".267","74.4 %","39.1 %","2.7 %","2.78","2.88","3.90","0.3","9486"
"Tyson Ross","Padres","13","14","0","31","31","195.2","8.97","3.31","0.60",".291","75.1 %","57.0 %","11.3 %","2.81","3.24","3.11","3.2","7872"
"Jeremy Jeffress","- - -","1","1","0","32","0","32.0","8.16","2.81","0.28",".366","81.1 %","58.9 %","7.1 %","2.81","2.85","2.99","0.4","9490"
"Phil Klein","Rangers","1","2","0","17","0","19.0","10.89","4.74","1.42",".195","90.4 %","40.9 %","14.3 %","2.84","4.66","3.97","-0.1","12675"
"Vance Worley","Pirates","8","4","0","18","17","110.2","6.42","1.79","0.73",".299","75.6 %","49.4 %","8.7 %","2.85","3.44","3.54","1.6","6435"
"Fernando Rodney","Mariners","1","6","48","69","0","66.1","10.31","3.80","0.41",".330","77.5 %","48.6 %","6.3 %","2.85","2.83","3.14","1.1","494"
"Tanner Roark","Nationals","15","10","0","31","31","198.2","6.25","1.77","0.72",".270","79.3 %","41.4 %","7.0 %","2.85","3.47","3.84","3.2","8753"
"Junichi Tazawa","Red Sox","4","3","0","71","0","63.0","9.14","2.43","0.71",".303","76.5 %","36.5 %","7.8 %","2.86","2.94","3.17","0.9","4079"
"Ryan Pressly","Twins","2","0","0","25","0","28.1","4.45","2.54","0.95",".281","83.3 %","46.9 %","12.0 %","2.86","4.47","4.19","-0.2","7005"
"Josh Outman","- - -","4","0","0","40","0","28.1","8.26","5.08","1.27",".263","87.2 %","53.9 %","15.4 %","2.86","4.83","4.13","-0.2","4004"
"Alex Cobb","Rays","10","9","0","27","27","166.1","8.06","2.54","0.60",".282","77.9 %","56.2 %","8.5 %","2.87","3.23","3.33","2.9","6562"
"Josh Beckett","Dodgers","6","6","0","20","20","115.2","8.33","3.03","1.32",".257","85.2 %","42.5 %","13.9 %","2.88","4.33","3.73","0.5","510"
"Jordan Walden","Braves","0","2","3","58","0","50.0","11.16","4.86","0.36",".272","75.2 %","45.2 %","4.9 %","2.88","2.79","3.29","0.8","3271"
"Julio Teheran","Braves","14","13","0","33","33","221.0","7.57","2.08","0.90",".267","75.9 %","34.8 %","8.1 %","2.89","3.49","3.72","3.5","6797"
"Mike Adams","Phillies","2","1","0","22","0","18.2","10.13","3.86","0.48",".306","70.8 %","56.3 %","6.7 %","2.89","2.86","3.16","0.4","1937"
"Vinnie Pestano","- - -","0","1","0","25","0","18.2","12.54","2.41","1.45",".341","79.8 %","34.0 %","12.0 %","2.89","3.24","2.81","0.2","4782"
"Mike Morin","Angels","4","4","0","60","0","59.0","8.24","2.90","0.46",".287","74.1 %","43.9 %","4.7 %","2.90","3.08","3.76","0.7","13442"
"Brett Anderson","Rockies","1","3","0","8","8","43.1","6.02","2.70","0.21",".314","70.1 %","61.0 %","3.3 %","2.91","2.99","3.55","1.0","8223"
"Shae Simmons","Braves","1","2","1","26","0","21.2","9.55","4.57","0.42",".259","73.2 %","52.8 %","8.3 %","2.91","3.13","3.22","0.2","14200"
"Seth Maness","Cardinals","6","4","3","73","0","80.1","6.16","1.23","0.78",".289","76.1 %","56.0 %","11.5 %","2.91","3.38","3.19","0.4","12235"
"Javy Guerra","White Sox","2","4","1","42","0","46.1","7.38","3.88","0.58",".288","82.5 %","40.5 %","6.0 %","2.91","3.95","4.44","0.1","7407"
"Oliver Perez","Diamondbacks","3","4","0","68","0","58.2","11.66","3.68","0.77",".313","75.7 %","44.4 %","10.2 %","2.91","3.23","3.16","0.6","1514"
"Alex Claudio","Rangers","0","0","0","15","0","12.1","10.22","2.92","0.00",".389","77.8 %","58.3 %","0.0 %","2.92","1.83","2.44","0.2","12890"
"Dallas Keuchel","Astros","12","9","0","29","29","200.0","6.57","2.16","0.50",".295","75.5 %","63.5 %","9.6 %","2.93","3.21","3.20","3.7","9434"
"Eury De la Rosa","Diamondbacks","2","0","0","25","0","36.2","7.85","3.44","0.49",".327","82.0 %","43.0 %","4.9 %","2.95","3.49","4.16","0.2","4055"
"Dylan Axelrod","Reds","2","1","0","5","4","18.1","9.82","1.96","2.45",".209","100.0 %","31.9 %","27.8 %","2.95","5.15","2.82","-0.1","9303"
"Chris Withrow","Dodgers","0","0","0","20","0","21.1","11.81","7.59","0.42",".214","76.1 %","46.5 %","6.3 %","2.95","3.79","4.11","0.0","7161"
"Jake Petricka","White Sox","1","6","14","67","0","73.0","6.78","4.07","0.37",".299","79.8 %","63.4 %","7.3 %","2.96","3.60","3.76","0.5","10534"
"James Russell","- - -","0","2","1","66","1","57.2","6.55","3.12","0.47",".244","74.4 %","38.9 %","4.8 %","2.97","3.44","4.10","0.3","4089"
"Tommy Hunter","Orioles","3","2","11","60","0","60.2","6.68","1.78","0.59",".285","73.7 %","50.8 %","8.7 %","2.97","3.15","3.23","0.7","1157"
"Adam Warren","Yankees","3","6","3","69","0","78.2","8.69","2.75","0.46",".272","74.6 %","45.4 %","6.0 %","2.97","2.89","3.28","1.4","9029"
"Madison Bumgarner","Giants","18","10","0","33","33","217.1","9.07","1.78","0.87",".296","75.8 %","44.4 %","10.0 %","2.98","3.05","2.99","4.1","5524"
"Jeff Samardzija","- - -","7","13","0","33","33","219.2","8.28","1.76","0.82",".283","73.2 %","50.2 %","10.6 %","2.99","3.20","3.07","4.2","3254"
"Preston Claiborne","Yankees","3","0","0","18","0","21.0","6.86","4.29","0.43",".333","76.7 %","40.0 %","3.3 %","3.00","3.66","4.80","0.1","10500"
"Edinson Volquez","Pirates","13","7","0","32","31","192.2","6.54","3.32","0.79",".263","77.5 %","50.4 %","9.1 %","3.04","4.15","4.20","1.0","3990"
"James Paxton","Mariners","6","4","0","13","13","74.0","7.18","3.53","0.36",".270","71.1 %","54.8 %","6.4 %","3.04","3.28","3.54","1.2","11828"
"Michael Kohn","Angels","2","1","0","25","0","23.2","9.89","7.61","0.38",".192","76.0 %","24.5 %","4.0 %","3.04","4.27","5.03","-0.1","8505"
"Francisco Rodriguez","Brewers","5","5","44","69","0","68.0","9.66","2.38","1.85",".216","93.0 %","43.9 %","23.3 %","3.04","4.50","2.91","-0.6","1642"
"Matt Shoemaker","Angels","16","4","0","27","20","136.0","8.21","1.59","0.93",".286","77.5 %","41.2 %","9.4 %","3.04","3.26","3.28","2.3","4776"
"Lisalverto Bonilla","Rangers","3","0","0","5","3","20.2","7.40","5.23","0.87",".216","77.6 %","41.5 %","10.0 %","3.05","4.63","4.57","0.1","11266"
"Yu Darvish","Rangers","10","7","0","22","22","144.1","11.35","3.06","0.81",".334","78.4 %","36.3 %","8.6 %","3.06","2.84","2.96","3.7","13074"
"Carlos Torres","Mets","8","6","2","73","1","97.0","8.91","3.53","1.02",".302","82.8 %","46.8 %","11.7 %","3.06","3.86","3.59","0.1","7624"
"Jesse Hahn","Padres","7","4","0","14","12","73.1","8.59","3.93","0.49",".270","76.7 %","50.3 %","7.5 %","3.07","3.40","3.59","1.1","13287"
"David Robertson","Yankees","4","5","39","63","0","64.1","13.43","3.22","0.98",".288","77.7 %","44.2 %","15.6 %","3.08","2.68","2.13","1.6","8241"
"Sonny Gray","Athletics","14","10","0","33","33","219.0","7.52","3.04","0.62",".277","74.5 %","55.9 %","9.4 %","3.08","3.46","3.47","3.1","12768"
"Javier Lopez","Giants","1","1","0","65","0","37.2","5.26","4.54","0.48",".238","77.2 %","65.8 %","7.7 %","3.11","4.33","4.49","-0.4","1663"
"Stephen Strasburg","Nationals","14","11","0","34","34","215.0","10.13","1.80","0.96",".315","74.8 %","45.9 %","13.1 %","3.14","2.94","2.56","4.5","10131"
"Max Scherzer","Tigers","18","5","0","33","33","220.1","10.29","2.57","0.74",".315","77.2 %","36.7 %","7.5 %","3.15","2.85","3.12","5.1","3137"
"Aaron Loup","Blue Jays","4","4","4","71","0","68.2","7.34","3.93","0.52",".246","75.9 %","54.1 %","8.5 %","3.15","3.83","3.92","0.3","10343"
"Mike Dunn","Marlins","10","6","1","75","0","57.0","10.58","3.47","0.63",".291","71.2 %","33.6 %","6.0 %","3.16","3.06","3.60","0.9","9948"
"Wesley Wright","Cubs","0","3","0","58","0","48.1","6.89","3.54","0.37",".309","75.5 %","52.1 %","5.7 %","3.17","3.44","3.80","0.3","5960"
"Steve Cishek","Marlins","4","5","39","67","0","65.1","11.57","2.89","0.41",".331","71.2 %","42.7 %","5.9 %","3.17","2.17","2.54","2.0","6483"
"Rob Rasmussen","Blue Jays","0","0","0","10","0","11.1","10.32","5.56","0.79",".259","83.3 %","42.9 %","9.1 %","3.18","4.37","4.42","0.0","11250"
"Jairo Diaz","Angels","0","0","0","5","0","5.2","12.71","4.76","0.00",".308","71.4 %","46.2 %","0.0 %","3.18","1.90","2.99","0.1","12774"
"Brad Brach","Orioles","7","1","0","46","0","62.1","7.80","3.61","0.87",".250","76.2 %","36.4 %","8.1 %","3.18","3.90","4.12","0.2","6627"
"Rafael Soriano","Nationals","4","1","32","64","0","62.0","8.56","2.76","0.58",".280","73.8 %","31.6 %","4.8 %","3.19","3.08","3.92","0.7","1100"
"Jeanmar Gomez","Pirates","2","2","1","44","0","62.0","5.52","3.34","0.87",".318","82.0 %","46.8 %","10.5 %","3.19","4.37","4.25","-0.4","9033"
"Michael Wacha","Cardinals","5","6","0","19","19","107.0","7.91","2.78","0.50",".288","73.8 %","41.6 %","5.5 %","3.20","3.17","3.71","1.9","14078"
"Yordano Ventura","Royals","14","10","0","31","30","183.0","7.82","3.39","0.69",".288","77.3 %","47.6 %","8.3 %","3.20","3.60","3.74","2.4","11855"
"Trevor Rosenthal","Cardinals","2","6","45","72","0","70.1","11.13","5.37","0.26",".318","77.8 %","38.0 %","3.2 %","3.20","2.99","3.73","1.1","10745"
"James Shields","Royals","14","8","0","34","34","227.0","7.14","1.74","0.91",".295","74.6 %","45.2 %","9.7 %","3.21","3.59","3.56","3.3","7059"
"Miguel Gonzalez","Orioles","10","9","0","27","26","159.0","6.28","2.89","1.42",".273","85.5 %","37.3 %","12.1 %","3.23","4.89","4.46","0.5","7024"
"Drew Smyly","- - -","9","10","0","28","25","153.0","7.82","2.47","1.06",".278","79.3 %","36.6 %","9.5 %","3.24","3.77","3.76","2.1","11760"
"Todd Redmond","Blue Jays","1","4","1","42","0","75.0","7.20","3.24","0.60",".309","72.6 %","32.7 %","4.6 %","3.24","3.56","4.47","0.3","9943"
"Brandon Kintzler","Brewers","3","3","0","64","0","58.1","4.78","2.47","1.23",".293","83.8 %","57.0 %","17.4 %","3.24","4.68","3.87","-0.6","9939"
"Steve Geltz","Rays","0","1","0","11","0","8.1","15.12","5.40","3.24",".231","100.0 %","12.5 %","27.3 %","3.24","6.97","3.92","-0.3","8402"
"Tsuyoshi Wada","Cubs","4","4","0","13","13","69.1","7.40","2.47","0.91",".296","77.0 %","35.9 %","8.2 %","3.25","3.75","3.96","0.9","13046"
"Joakim Soria","- - -","2","4","18","48","0","44.1","9.74","1.22","0.41",".290","62.5 %","43.2 %","4.5 %","3.25","2.09","2.73","1.4","6941"
"Mat Latos","Reds","5","5","0","16","16","102.1","6.51","2.29","0.79",".269","72.6 %","37.7 %","7.3 %","3.25","3.65","3.99","1.7","3815"
"David Price","- - -","15","12","0","34","34","248.1","9.82","1.38","0.91",".306","72.7 %","41.2 %","9.7 %","3.26","2.78","2.76","6.1","3184"
"Dallas Beeler","Cubs","0","2","0","2","2","11.0","4.91","5.73","0.00",".303","70.6 %","58.1 %","0.0 %","3.27","3.95","4.96","0.1","11471"
"A.J. Achter","Twins","1","0","0","7","0","11.0","4.09","2.45","1.64",".308","70.4 %","31.7 %","9.1 %","3.27","5.40","5.51","-0.2","11387"
"David Hale","Braves","4","5","0","45","6","87.1","4.53","4.02","0.52",".288","75.0 %","56.0 %","6.8 %","3.30","4.31","4.61","-0.1","9756"
"LaTroy Hawkins","Rockies","4","3","23","57","0","54.1","5.30","2.15","0.50",".275","69.1 %","46.7 %","5.4 %","3.31","3.39","3.95","0.6","729"
"Brian Duensing","Twins","3","3","0","62","0","54.1","5.47","3.31","0.99",".272","82.0 %","45.7 %","9.8 %","3.31","4.51","4.46","-0.4","4064"
"Jose Quintana","White Sox","9","11","0","32","32","200.1","8.00","2.34","0.45",".318","69.2 %","44.7 %","5.1 %","3.32","2.81","3.37","5.0","11423"
"Chris Archer","Rays","10","9","0","32","32","194.2","8.00","3.33","0.55",".296","71.6 %","46.5 %","6.9 %","3.33","3.39","3.70","3.3","6345"
"Chad Qualls","Astros","1","5","19","58","0","51.1","7.54","0.88","0.88",".310","72.2 %","57.2 %","12.5 %","3.33","3.13","2.83","0.6","2170"
"Alex Torres","Padres","2","1","0","70","0","54.0","8.50","5.50","0.33",".289","72.0 %","47.0 %","4.4 %","3.33","3.72","4.27","0.0","7038"
"Chris Tillman","Orioles","13","6","0","34","34","207.1","6.51","2.86","0.91",".267","76.7 %","40.6 %","8.3 %","3.34","4.01","4.20","2.3","5279"
"T.J. House","Indians","5","3","0","19","18","102.0","7.06","1.94","0.88",".332","78.9 %","60.9 %","17.9 %","3.35","3.69","3.10","1.1","9121"
"David Huff","- - -","4","1","0","46","0","59.0","5.95","3.51","0.76",".295","76.9 %","47.1 %","8.6 %","3.36","4.13","4.25","-0.1","4257"
"Odrisamer Despaigne","Padres","4","7","0","16","16","96.1","6.07","2.99","0.56",".267","68.7 %","52.1 %","7.1 %","3.36","3.74","4.01","1.0","16017"
"Hyun-Jin Ryu","Dodgers","14","7","0","26","26","152.0","8.23","1.72","0.47",".319","71.8 %","47.4 %","5.9 %","3.38","2.62","3.03","3.8","14444"
"Fernando Salas","Angels","5","0","0","57","0","58.2","9.36","2.15","0.77",".285","74.1 %","28.9 %","7.6 %","3.38","2.93","3.21","0.7","4971"
"Chris Hatcher","Marlins","0","3","0","52","0","56.0","9.64","1.93","0.64",".327","73.3 %","47.5 %","7.7 %","3.38","2.56","2.78","0.7","3299"
"Jumbo Diaz","Reds","0","1","0","36","0","34.2","9.61","3.63","0.78",".295","77.3 %","39.6 %","11.1 %","3.38","3.33","3.17","0.3","3397"
"Bradin Hagens","Diamondbacks","0","1","0","2","0","2.2","6.75","10.13","0.00",".444","85.7 %","62.5 %","0.0 %","3.38","5.01","5.47","0.0","7422"
"Tony Sipp","Astros","4","3","4","56","0","50.2","11.19","3.02","0.89",".204","68.4 %","31.3 %","9.4 %","3.38","2.93","2.94","0.9","8280"
"Rich Hill","- - -","0","0","0","16","0","5.1","15.19","10.13","0.00",".538","85.7 %","38.5 %","0.0 %","3.38","3.69","4.62","0.1","4806"
"Francisco Liriano","Pirates","7","10","0","29","29","162.1","9.70","4.49","0.72",".280","74.7 %","54.4 %","11.6 %","3.38","3.59","3.40","1.9","3201"
"Mark Buehrle","Blue Jays","13","10","0","32","32","202.0","5.30","2.05","0.67",".316","75.9 %","43.7 %","6.6 %","3.39","3.66","4.09","3.1","225"
"Caleb Thielbar","Twins","2","1","0","54","0","47.2","6.61","3.02","0.57",".318","76.8 %","31.8 %","4.8 %","3.40","3.55","4.34","0.2","10078"
"Jon Niese","Mets","9","11","0","30","30","187.2","6.62","2.16","0.82",".304","74.6 %","47.7 %","9.8 %","3.40","3.67","3.63","2.3","4424"
"Ryan Cook","Athletics","1","3","1","54","0","50.0","9.00","3.96","0.54",".232","71.4 %","45.2 %","7.0 %","3.42","3.35","3.64","0.3","8855"
"Anibal Sanchez","Tigers","8","5","0","22","21","126.0","7.29","2.14","0.29",".277","63.5 %","45.7 %","3.1 %","3.43","2.71","3.56","3.1","3284"
"Rick Porcello","Tigers","15","13","0","32","31","204.2","5.67","1.80","0.79",".298","72.4 %","49.0 %","9.5 %","3.43","3.67","3.68","2.7","2717"
"Alfredo Simon","Reds","15","10","0","32","32","196.1","5.82","2.57","1.01",".265","77.5 %","48.2 %","11.8 %","3.44","4.33","4.05","1.3","2155"
"Jesse Chavez","Athletics","8","8","0","32","21","146.0","8.38","3.02","1.05",".302","76.7 %","42.0 %","11.2 %","3.45","3.89","3.67","1.3","5448"
"Josh Collmenter","Diamondbacks","11","9","1","33","28","179.1","5.77","1.96","0.90",".267","72.5 %","38.8 %","8.3 %","3.46","3.87","4.07","2.0","7312"
"Jason Hammel","- - -","10","11","0","30","29","176.1","8.06","2.25","1.17",".272","78.3 %","39.7 %","12.0 %","3.47","3.92","3.57","1.8","4538"
"Vin Mazzaro","Pirates","0","0","0","5","0","10.1","6.10","4.35","1.74",".194","89.3 %","43.8 %","15.4 %","3.48","6.04","5.07","-0.2","5231"
"Brian Matusz","Orioles","2","3","0","63","0","51.2","9.23","2.96","1.22",".301","78.4 %","34.9 %","9.2 %","3.48","4.00","4.06","0.2","2646"
"Brad Ziegler","Diamondbacks","5","3","1","68","0","67.0","7.25","3.22","0.67",".282","72.5 %","63.8 %","13.5 %","3.49","3.70","3.41","0.2","7293"
"Tim Stauffer","Padres","6","2","0","44","3","64.1","9.37","3.22","0.56",".356","77.6 %","41.9 %","7.4 %","3.50","3.02","3.25","0.5","6432"
"Yovani Gallardo","Brewers","8","11","0","32","32","192.1","6.83","2.53","0.98",".294","74.7 %","50.8 %","12.1 %","3.51","3.94","3.64","1.8","8173"
"Hisashi Iwakuma","Mariners","15","9","0","28","28","179.0","7.74","1.06","1.01",".287","74.1 %","50.2 %","13.2 %","3.52","3.25","2.85","3.1","13048"
"Phil Hughes","Twins","16","10","0","32","32","209.2","7.98","0.69","0.69",".324","70.1 %","36.5 %","6.2 %","3.52","2.65","3.18","5.7","7450"
"Wily Peralta","Brewers","17","11","0","32","32","198.2","6.98","2.76","1.04",".295","76.1 %","53.6 %","13.9 %","3.53","4.11","3.64","1.6","7738"
"Wei-Yin Chen","Orioles","16","6","0","31","31","185.2","6.59","1.70","1.11",".296","77.5 %","41.0 %","10.5 %","3.54","3.89","3.75","2.4","13071"
"Kyle Lohse","Brewers","13","9","0","31","31","198.1","6.40","2.04","1.00",".268","72.6 %","40.1 %","8.9 %","3.54","3.95","4.05","2.1","739"
"David Carpenter","Braves","6","4","3","65","0","61.0","9.89","2.36","0.74",".333","72.6 %","37.6 %","7.7 %","3.54","2.94","3.19","0.8","3959"
"Zack Wheeler","Mets","11","11","0","32","32","185.1","9.08","3.84","0.68",".304","72.9 %","54.0 %","10.1 %","3.54","3.55","3.49","2.5","10310"
"Scott Kazmir","Athletics","15","9","0","32","32","190.1","7.75","2.36","0.76",".285","71.1 %","43.8 %","7.8 %","3.55","3.35","3.59","3.2","4897"
"Tim Hudson","Giants","9","13","0","31","31","189.1","5.70","1.62","0.71",".300","70.3 %","53.1 %","9.3 %","3.57","3.54","3.57","2.1","921"
"Aaron Harang","Braves","12","12","0","33","33","204.1","7.09","3.13","0.66",".318","74.8 %","39.4 %","6.4 %","3.57","3.57","4.03","2.7","1451"
"Blaine Boyer","Padres","0","1","0","32","0","40.1","6.47","1.79","0.45",".264","66.3 %","42.5 %","4.5 %","3.57","2.93","3.64","0.3","2237"
"Joba Chamberlain","Tigers","2","5","2","69","0","63.0","8.43","3.43","0.43",".310","72.7 %","53.2 %","7.3 %","3.57","3.16","3.35","0.6","2692"
"Kevin Gausman","Orioles","7","7","0","20","20","113.1","6.99","3.02","0.56",".304","72.8 %","41.4 %","5.8 %","3.57","3.41","3.93","2.1","14107"
"Gio Gonzalez","Nationals","10","10","0","27","27","158.2","9.19","3.18","0.57",".294","71.0 %","44.8 %","6.6 %","3.57","3.03","3.39","3.2","7448"
"Zeke Spruill","Diamondbacks","1","1","0","6","1","22.2","5.56","1.59","0.00",".338","65.6 %","51.9 %","0.0 %","3.57","2.56","3.65","0.4","3873"
"Jered Weaver","Angels","18","9","0","34","34","213.1","7.13","2.74","1.14",".267","78.3 %","32.9 %","8.9 %","3.59","4.19","4.30","1.8","4235"
"Adam Ottavino","Rockies","1","4","1","75","0","65.0","9.69","2.22","0.83",".347","77.6 %","46.7 %","9.8 %","3.60","3.10","3.06","1.0","1247"
"Nick Vincent","Padres","1","2","0","63","0","55.0","10.15","1.80","0.82",".289","70.0 %","33.3 %","8.5 %","3.60","2.77","2.91","0.9","7555"
"Charlie Furbush","Mariners","1","5","1","67","0","42.1","10.84","1.91","0.85",".327","75.4 %","35.5 %","9.3 %","3.61","2.80","2.83","0.6","1370"
"Ian Kennedy","Padres","13","13","0","33","33","201.0","9.27","3.13","0.72",".315","74.0 %","39.7 %","7.8 %","3.63","3.21","3.44","3.5","6986"
"Matt Garza","Brewers","8","8","0","27","27","163.1","6.94","2.76","0.66",".268","66.6 %","43.3 %","7.0 %","3.64","3.54","3.88","2.6","3340"
"Bud Norris","Orioles","15","8","0","28","28","165.1","7.57","2.83","1.09",".279","78.6 %","42.2 %","11.2 %","3.65","4.22","3.98","1.4","9492"
"Glen Perkins","Twins","4","3","34","63","0","61.2","9.63","1.61","1.02",".316","70.6 %","35.4 %","9.5 %","3.65","3.10","3.11","1.0","8041"
"Marcus Stroman","Blue Jays","11","6","1","26","20","130.2","7.65","1.93","0.48",".306","68.4 %","53.8 %","6.5 %","3.65","2.84","3.17","3.0","13431"
"Jenrry Mejia","Mets","6","6","28","63","7","93.2","9.42","3.94","0.86",".336","78.2 %","50.0 %","11.1 %","3.65","3.73","3.55","0.6","8476"
"Cliff Lee","Phillies","4","5","0","13","13","81.1","7.97","1.33","0.77",".358","70.7 %","48.4 %","9.1 %","3.65","2.96","3.01","1.9","1636"
"Gerrit Cole","Pirates","11","5","0","22","22","138.0","9.00","2.61","0.72",".311","73.5 %","49.2 %","9.4 %","3.65","3.23","3.25","2.3","13125"
"Chris Young","Mariners","12","9","0","30","29","165.0","5.89","3.27","1.42",".238","80.2 %","22.3 %","8.8 %","3.65","5.02","5.19","0.1","3196"
"Yusmeiro Petit","Giants","5","5","0","39","12","117.0","10.23","1.69","0.92",".290","66.9 %","35.5 %","9.1 %","3.69","2.78","2.84","1.9","4020"
"Jarred Cosart","- - -","13","11","0","30","30","180.1","5.74","3.64","0.45",".290","71.5 %","54.2 %","6.0 %","3.69","3.77","4.15","2.0","10304"
"Juan Oviedo","Rays","3","3","1","32","0","31.2","7.39","4.55","0.85",".261","76.6 %","33.3 %","5.8 %","3.69","4.52","5.32","-0.2","2886"
"Mike Leake","Reds","11","13","0","33","33","214.1","6.89","2.10","0.97",".298","75.5 %","53.4 %","13.1 %","3.70","3.88","3.49","2.2","10130"
"Will Smith","Brewers","1","3","1","78","0","65.2","11.79","4.25","0.82",".350","74.2 %","44.2 %","11.1 %","3.70","3.25","3.08","0.6","8048"
"Cesar Ramos","Rays","2","6","0","43","7","82.2","7.19","4.25","0.87",".264","72.7 %","44.0 %","8.7 %","3.70","4.25","4.36","-0.1","3357"
"Jason Vargas","Royals","11","10","0","30","30","187.0","6.16","1.97","0.91",".299","74.5 %","38.3 %","8.2 %","3.71","3.84","4.05","2.2","8044"
"Brandon Gomes","Rays","2","2","0","29","0","34.0","6.35","2.91","1.32",".235","78.1 %","32.0 %","10.6 %","3.71","4.60","4.40","-0.2","2267"
"Homer Bailey","Reds","9","5","0","23","23","145.2","7.66","2.78","0.99",".286","77.0 %","50.6 %","13.2 %","3.71","3.93","3.53","1.6","8362"
"Hiroki Kuroda","Yankees","11","9","0","32","32","199.0","6.60","1.58","0.90",".279","69.3 %","46.9 %","10.0 %","3.71","3.60","3.54","3.4","3283"
"R.A. Dickey","Blue Jays","14","13","0","34","34","215.2","7.22","3.09","1.09",".263","73.4 %","42.0 %","10.7 %","3.71","4.32","4.14","1.7","1245"
"Charlie Morton","Pirates","6","12","0","26","26","157.1","7.21","3.26","0.51",".295","69.3 %","55.7 %","8.8 %","3.72","3.72","3.78","1.6","4676"
"Sergio Romo","Giants","6","4","23","64","0","58.0","9.16","1.86","1.40",".233","75.4 %","36.8 %","13.0 %","3.72","3.94","3.40","-0.1","9817"
"Jake Peavy","- - -","7","13","0","32","32","202.2","7.02","2.80","1.02",".289","75.1 %","38.5 %","9.1 %","3.73","4.11","4.18","1.6","1051"
"Shelby Miller","Cardinals","10","9","0","32","31","183.0","6.25","3.59","1.08",".256","76.9 %","39.9 %","9.9 %","3.74","4.54","4.47","0.5","10197"
"Scott Feldman","Astros","8","12","0","29","29","180.1","5.34","2.50","0.80",".291","71.6 %","46.9 %","8.9 %","3.74","4.11","4.19","1.5","6283"
"Hector Santiago","Angels","6","9","0","30","24","127.1","7.63","3.75","1.06",".288","72.9 %","30.7 %","8.0 %","3.75","4.29","4.57","0.9","4026"
"David Buchanan","Phillies","6","8","0","20","20","117.2","5.43","2.45","0.92",".284","73.3 %","50.7 %","10.5 %","3.75","4.27","4.14","0.9","11176"
"Kirby Yates","Rays","0","2","1","37","0","36.0","10.50","3.75","1.00",".315","77.1 %","32.3 %","9.3 %","3.75","3.74","3.78","0.1","9073"
"Shane Greene","Yankees","5","4","0","15","14","78.2","9.27","3.32","0.92",".330","74.4 %","50.2 %","12.7 %","3.78","3.73","3.40","1.1","10756"
"Justin Grimm","Cubs","5","2","0","73","0","69.0","9.13","3.52","0.52",".294","68.7 %","49.5 %","6.1 %","3.78","3.20","3.63","0.6","11720"
"Jake Diekman","Phillies","5","5","0","73","0","71.0","12.68","4.44","0.51",".363","69.1 %","43.3 %","7.7 %","3.80","2.65","2.83","1.3","5003"
"Tom Koehler","Marlins","10","10","0","32","32","191.1","7.20","3.34","0.75",".290","73.5 %","43.1 %","7.4 %","3.81","3.84","4.15","1.6","6570"
"Sam LeCure","Reds","1","4","0","62","0","56.2","7.62","3.81","0.95",".329","76.9 %","43.9 %","10.3 %","3.81","4.24","4.13","-0.2","4664"
"John Lackey","- - -","14","10","0","31","31","198.0","7.45","2.14","1.09",".305","72.6 %","44.4 %","11.7 %","3.82","3.78","3.48","2.4","1507"
"Ryan Webb","Orioles","3","3","0","51","0","49.1","6.75","2.19","0.36",".310","69.8 %","48.7 %","4.5 %","3.83","2.95","3.53","0.7","7474"
"Craig Stammen","Nationals","4","5","0","49","0","72.2","6.94","1.73","0.62",".323","69.3 %","48.0 %","7.7 %","3.84","3.19","3.40","0.6","7274"
"Roenis Elias","Mariners","10","12","0","29","29","163.2","7.86","3.52","0.88",".294","73.2 %","45.4 %","10.1 %","3.85","4.03","3.95","1.3","12673"
"Andrew Chafin","Diamondbacks","0","1","0","3","3","14.0","6.43","5.14","0.00",".317","72.7 %","53.8 %","0.0 %","3.86","3.63","4.60","0.2","12988"
"Matt Guerrier","Twins","0","1","0","27","0","28.0","3.86","3.21","0.32",".290","73.2 %","40.0 %","2.5 %","3.86","3.92","5.22","0.0","2061"
"Pat McCoy","Tigers","0","0","0","14","0","14.0","7.07","8.36","0.00",".420","82.4 %","63.3 %","0.0 %","3.86","4.35","5.23","0.0","6605"
"Josh Lindblom","Athletics","0","0","0","1","1","4.2","3.86","3.86","1.93",".250","90.9 %","11.8 %","9.1 %","3.86","6.99","7.12","-0.1","7882"
"Kendall Graveman","Blue Jays","0","0","0","5","0","4.2","7.71","0.00","0.00",".286","50.0 %","64.3 %","0.0 %","3.86","1.42","1.68","0.1","15514"
"Tim Collins","Royals","0","3","0","22","0","21.0","6.43","4.71","0.86",".267","78.0 %","41.4 %","7.7 %","3.86","4.80","5.09","-0.2","3164"
"Xavier Cedeno","Nationals","0","0","0","9","0","7.0","6.43","0.00","1.29",".375","69.8 %","37.5 %","14.3 %","3.86","3.56","2.94","0.0","36"
"Mark Lowe","Indians","0","1","0","7","0","7.0","7.71","7.71","2.57",".320","68.2 %","29.6 %","13.3 %","3.86","7.70","6.64","-0.3","7416"
"Paco Rodriguez","Dodgers","1","0","0","19","0","14.0","9.00","2.57","0.64",".324","68.5 %","48.5 %","14.3 %","3.86","2.92","2.61","0.1","13398"
"Joe Thatcher","- - -","2","1","0","53","0","30.1","8.01","1.19","0.89",".340","70.4 %","34.4 %","7.3 %","3.86","3.43","3.81","0.2","4620"
"Phil Coke","Tigers","5","2","1","62","0","58.0","6.36","3.10","0.78",".339","75.0 %","55.6 %","11.4 %","3.88","3.98","3.79","-0.1","5535"
"Daisuke Matsuzaka","Mets","3","3","1","34","9","83.1","8.42","5.40","0.65",".256","73.0 %","40.7 %","7.1 %","3.89","4.21","4.54","0.2","7775"
"Edward Mujica","Red Sox","2","4","8","64","0","60.0","6.45","2.10","0.90",".332","73.7 %","43.0 %","8.7 %","3.90","3.70","3.82","0.2","3970"
"Jeff Locke","Pirates","7","6","0","21","21","131.1","6.10","2.74","1.10",".278","72.7 %","50.5 %","13.4 %","3.91","4.37","3.90","0.3","2929"
"Antonio Bastardo","Phillies","5","7","0","67","0","64.0","11.39","4.78","0.56",".260","65.4 %","30.2 %","5.1 %","3.94","3.10","3.81","0.8","8844"
"Casey Janssen","Blue Jays","3","3","25","50","0","45.2","5.52","1.38","1.18",".273","70.8 %","34.4 %","9.1 %","3.94","4.14","4.22","0.0","7355"
"Wade LeBlanc","- - -","1","1","0","11","3","29.2","6.37","2.12","0.61",".281","69.3 %","40.4 %","6.3 %","3.94","3.50","3.96","0.3","5221"
"Chris Bassitt","White Sox","1","1","0","6","5","29.2","6.37","3.94","0.00",".340","74.0 %","39.6 %","0.0 %","3.94","3.33","4.67","0.6","12304"
"Ervin Santana","Braves","14","10","0","31","31","196.0","8.22","2.89","0.73",".319","71.6 %","42.7 %","8.8 %","3.95","3.39","3.47","3.1","3200"
"John Axford","- - -","2","4","10","62","0","54.2","10.37","5.93","0.99",".272","75.8 %","53.6 %","13.3 %","3.95","4.34","3.93","-0.5","9059"
"Juan Gutierrez","Giants","1","2","0","61","0","63.2","6.22","2.26","0.99",".266","70.4 %","36.8 %","8.0 %","3.96","4.03","4.29","-0.1","3265"
"Casey Fien","Twins","5","6","1","73","0","63.1","7.25","1.42","0.99",".297","70.1 %","32.1 %","7.3 %","3.98","3.43","3.87","0.7","3926"
"Carter Capps","Marlins","0","0","0","17","0","20.1","11.07","2.21","0.44",".340","69.1 %","35.8 %","4.3 %","3.98","2.35","3.10","0.2","12803"
"Daniel Webb","White Sox","6","5","0","57","0","67.2","7.71","5.59","0.80",".282","76.1 %","51.6 %","10.2 %","3.99","4.52","4.45","-0.4","10558"
"Ryan Vogelsong","Giants","8","13","0","32","32","184.2","7.36","2.83","0.88",".294","72.3 %","38.4 %","8.8 %","4.00","3.85","3.96","1.5","1011"
"Dillon Gee","Mets","7","8","0","22","22","137.1","6.16","2.82","1.18",".268","76.3 %","44.1 %","11.5 %","4.00","4.52","4.22","0.4","7396"
"Matt Barnes","Red Sox","0","0","0","5","0","9.0","8.00","2.00","1.00",".357","77.6 %","31.0 %","7.1 %","4.00","3.47","3.94","0.0","12863"
"Ross Detwiler","Nationals","2","3","1","47","0","63.0","5.57","3.00","0.71",".309","69.0 %","46.3 %","7.4 %","4.00","4.16","4.47","-0.2","2859"
"Jason Grilli","- - -","1","5","12","62","0","54.0","9.50","3.50","0.67",".315","71.0 %","32.0 %","6.5 %","4.00","3.37","3.83","0.4","521"
"Pedro Figueroa","Rangers","2","1","0","10","0","9.0","3.00","3.00","1.00",".273","58.8 %","52.9 %","10.0 %","4.00","5.58","5.51","-0.1","6616"
"Chase Anderson","Diamondbacks","9","7","0","21","21","114.1","8.27","3.15","1.26",".313","75.4 %","39.9 %","13.6 %","4.01","4.22","3.67","0.8","6895"
"Dan Haren","Dodgers","13","11","0","32","32","186.0","7.02","1.74","1.31",".276","65.7 %","41.5 %","11.9 %","4.02","4.09","3.70","1.4","1757"
"Carlos Martinez","Cardinals","2","4","1","57","7","89.1","8.46","3.63","0.40",".333","71.5 %","51.2 %","5.9 %","4.03","3.18","3.54","1.3","11682"
"Brandon McCarthy","- - -","10","15","0","32","32","200.0","7.88","1.49","1.13",".328","70.9 %","52.6 %","16.3 %","4.05","3.55","2.87","3.0","4662"
"Tyler Matzek","Rockies","6","11","0","20","19","117.2","6.96","3.37","0.69",".312","73.8 %","49.7 %","8.3 %","4.05","3.78","3.92","1.6","10058"
"Rafael Montero","Mets","1","3","0","10","8","44.1","8.53","4.67","1.62",".298","82.4 %","33.9 %","14.5 %","4.06","5.14","4.33","-0.1","12760"
"Bronson Arroyo","Diamondbacks","7","4","0","14","14","86.0","4.92","1.99","1.05",".295","74.0 %","53.6 %","13.3 %","4.08","4.32","3.88","0.5","978"
"Bartolo Colon","Mets","15","13","0","31","31","202.1","6.72","1.33","0.98",".307","70.2 %","39.3 %","8.8 %","4.09","3.57","3.68","2.8","375"
"Roberto Hernandez","- - -","8","11","0","32","29","164.2","5.74","3.99","1.04",".266","72.9 %","49.7 %","12.2 %","4.10","4.85","4.52","0.0","3273"
"Jorge de la Rosa","Rockies","14","11","0","32","32","184.1","6.79","3.27","1.03",".263","70.8 %","51.6 %","12.9 %","4.10","4.34","3.95","1.5","2047"
"Aaron Crow","Royals","6","1","3","67","0","59.0","5.19","3.66","1.53",".239","71.0 %","43.2 %","14.5 %","4.12","5.40","4.65","-1.1","10149"
"Jaime Garcia","Cardinals","3","1","0","7","7","43.2","8.04","1.44","1.24",".270","71.4 %","55.1 %","18.8 %","4.12","3.82","2.94","0.4","8137"
"Jake Odorizzi","Rays","11","13","0","31","31","168.0","9.32","3.16","1.07",".295","73.4 %","29.9 %","8.7 %","4.13","3.75","3.90","2.2","6397"
"Jeremy Guthrie","Royals","13","11","0","32","32","202.2","5.51","2.18","1.02",".294","72.4 %","43.6 %","9.4 %","4.13","4.32","4.33","1.1","2072"
"Matt Harrison","Rangers","1","1","0","4","4","17.1","5.19","6.23","0.52",".317","79.1 %","48.3 %","6.3 %","4.15","4.98","5.37","0.0","5551"
"Daniel Coulombe","Dodgers","0","0","0","5","0","4.1","8.31","4.15","2.08",".267","71.4 %","43.8 %","25.0 %","4.15","5.67","3.81","-0.1","13293"
"Marco Gonzales","Cardinals","4","2","0","10","5","34.2","8.05","5.45","1.04",".283","78.5 %","36.3 %","9.5 %","4.15","4.75","4.75","0.0","15467"
"Ben Rowen","Rangers","0","0","0","8","0","8.2","7.27","4.15","0.00",".357","71.4 %","59.3 %","0.0 %","4.15","2.90","3.47","0.1","10983"
"Brian Schlitter","Cubs","2","3","0","61","0","56.1","4.95","3.04","0.32",".298","65.6 %","59.9 %","5.7 %","4.15","3.61","3.92","0.3","3599"
"Dustin McGowan","Blue Jays","5","3","1","53","8","82.0","6.70","3.62","1.43",".275","76.7 %","38.4 %","11.0 %","4.17","5.02","4.74","-0.4","8600"
"Evan Reed","Tigers","0","1","0","32","0","32.1","7.24","3.34","0.56",".363","68.4 %","55.8 %","8.0 %","4.18","3.72","3.87","0.0","1349"
"Francisley Bueno","Royals","0","0","0","30","0","32.1","5.57","1.95","0.84",".297","70.4 %","44.6 %","7.3 %","4.18","3.84","4.20","0.0","5980"
"Trevor Bauer","Indians","5","8","0","26","26","153.0","8.41","3.53","0.94",".312","73.2 %","35.3 %","8.7 %","4.18","4.01","4.14","1.3","12703"
"Matt Cain","Giants","2","7","0","15","15","90.1","6.97","3.19","1.30",".265","70.3 %","45.1 %","13.7 %","4.18","4.58","4.01","0.0","4732"
"Tommy Kahnle","Rockies","2","1","0","54","0","68.2","8.26","4.06","0.92",".240","60.1 %","47.1 %","10.4 %","4.19","4.02","3.90","0.1","11384"
"Tommy Milone","- - -","6","4","0","22","21","118.0","5.72","2.82","1.22",".290","72.5 %","39.4 %","10.3 %","4.19","4.69","4.56","0.3","7608"
"Justin Wilson","Pirates","3","4","0","70","0","60.0","9.15","4.50","0.60",".285","68.1 %","51.3 %","7.3 %","4.20","3.62","3.88","0.2","4301"
"Joe Kelly","- - -","6","4","0","17","17","96.1","6.17","3.92","0.75",".274","70.8 %","54.9 %","11.4 %","4.20","4.37","4.19","0.4","9761"
"J.A. Happ","Blue Jays","11","11","0","30","26","158.0","7.58","2.91","1.25",".297","73.6 %","40.6 %","11.5 %","4.22","4.27","3.95","1.0","7410"
"Ian Thomas","Braves","1","2","0","16","0","10.2","10.97","5.06","0.00",".345","68.8 %","40.7 %","0.0 %","4.22","2.38","3.54","0.2","13881"
"Addison Reed","Diamondbacks","1","7","32","62","0","59.1","10.47","2.28","1.67",".295","72.9 %","28.9 %","13.9 %","4.25","4.03","3.26","0.0","10586"
"Tyler Thornburg","Brewers","3","1","0","27","0","29.2","8.49","6.37","0.30",".284","71.1 %","36.3 %","2.8 %","4.25","3.81","4.87","0.1","10688"
"Danny Salazar","Indians","6","8","0","20","20","110.0","9.82","2.86","1.06",".343","71.6 %","34.4 %","10.0 %","4.25","3.52","3.45","1.8","5867"
"Chris Perez","Dodgers","1","3","1","49","0","46.1","7.58","4.86","1.17",".256","75.5 %","37.7 %","10.7 %","4.27","5.07","4.89","-0.7","5213"
"Eric Stults","Padres","8","17","0","32","32","176.0","5.68","2.30","1.33",".296","73.0 %","43.3 %","12.5 %","4.30","4.63","4.17","0.1","8011"
"Pedro Villarreal","Reds","0","2","0","12","0","14.2","7.36","4.30","0.61",".244","68.2 %","35.7 %","6.3 %","4.30","4.02","4.48","0.0","9904"
"Tyler Skaggs","Angels","5","5","0","18","18","113.0","6.85","2.39","0.72",".293","63.9 %","50.1 %","8.7 %","4.30","3.55","3.65","1.7","10190"
"Neal Cotts","Rangers","2","9","2","73","0","66.2","8.51","3.11","0.81",".314","70.6 %","34.7 %","7.7 %","4.32","3.58","3.86","0.6","1797"
"Jonathan Edwards","Rangers","0","0","0","9","0","8.1","9.72","5.40","0.00",".464","73.7 %","42.9 %","0.0 %","4.32","3.13","4.17","0.1","1483"
"Jordan Lyles","Rockies","7","4","0","22","22","126.2","6.39","3.27","0.85",".295","71.3 %","51.7 %","11.9 %","4.33","4.22","3.98","1.2","7593"
"Wade Miley","Diamondbacks","8","12","0","33","33","201.1","8.18","3.35","1.03",".317","72.1 %","51.1 %","13.9 %","4.34","3.98","3.50","1.7","8779"
"Daniel Corcino","Reds","0","2","0","5","3","18.2","7.23","4.82","0.96",".212","70.8 %","30.2 %","8.0 %","4.34","4.69","4.95","0.2","9266"
"Will Harris","Diamondbacks","0","3","0","29","0","29.0","10.86","2.79","0.93",".338","71.0 %","34.7 %","10.3 %","4.34","3.20","3.09","0.2","3192"
"Chris Capuano","- - -","3","4","0","40","12","97.1","7.77","3.14","0.92",".306","70.4 %","39.5 %","9.7 %","4.35","3.91","3.89","0.8","1701"
"Kyle Lobstein","Tigers","1","2","0","7","6","39.1","6.18","3.20","0.69",".267","64.7 %","45.1 %","6.5 %","4.35","3.82","4.27","0.4","9178"
"Jamey Wright","Dodgers","5","4","1","61","1","70.1","6.91","3.45","0.38",".314","68.8 %","56.3 %","6.0 %","4.35","3.47","3.80","0.3","715"
"Nick Tepesch","Rangers","5","11","0","23","22","126.0","4.00","3.14","1.07",".272","71.5 %","41.6 %","10.2 %","4.36","5.01","4.90","0.0","11716"
"Jared Burton","Twins","3","5","3","68","0","64.0","6.47","3.52","0.84",".271","67.0 %","38.5 %","7.5 %","4.36","4.23","4.55","-0.1","8346"
"Marco Estrada","Brewers","7","6","0","39","18","150.2","7.59","2.63","1.73",".257","74.6 %","32.7 %","13.2 %","4.36","4.88","4.19","-0.2","1118"
"Nathan Eovaldi","Marlins","6","14","0","33","33","199.2","6.40","1.94","0.63",".323","65.5 %","44.8 %","6.6 %","4.37","3.37","3.78","2.9","9132"
"Brad Hand","Marlins","3","8","1","32","16","111.0","5.43","3.16","0.81",".287","69.8 %","50.3 %","8.9 %","4.38","4.20","4.28","0.2","9111"
"David Phelps","Yankees","5","5","1","32","17","113.0","7.33","3.66","1.04",".301","70.8 %","41.2 %","10.8 %","4.38","4.41","4.22","0.6","6316"
"Martin Perez","Rangers","4","3","0","8","8","51.1","6.14","3.33","0.53",".315","68.4 %","52.7 %","8.1 %","4.38","3.70","3.83","0.6","6902"
"Brett Oberholtzer","Astros","5","13","0","24","24","143.2","5.89","1.75","0.75",".325","69.5 %","37.2 %","5.8 %","4.39","3.56","4.25","2.3","3855"
"Kyle Farnsworth","- - -","0","3","3","35","0","28.2","5.65","4.71","0.63",".323","74.7 %","37.2 %","6.9 %","4.40","4.35","4.70","-0.1","278"
"Mario Hollands","Phillies","2","2","0","50","0","47.0","6.70","4.02","0.57",".292","66.9 %","51.8 %","7.5 %","4.40","3.88","4.10","0.0","10504"
"Joel Peralta","Rays","3","4","1","69","0","63.1","10.52","2.13","1.28",".307","71.0 %","32.9 %","11.3 %","4.41","3.40","3.11","0.6","2332"
"Tyler Lyons","Cardinals","0","4","0","11","4","36.2","8.84","2.70","0.98",".284","56.9 %","43.3 %","9.5 %","4.42","3.65","3.65","0.3","11334"
"Rubby de la Rosa","Red Sox","4","8","0","19","18","101.2","6.55","3.10","1.06",".327","74.9 %","45.7 %","11.5 %","4.43","4.30","4.03","0.5","3862"
"Josh Fields","Astros","4","6","4","54","0","54.2","11.52","2.80","0.33",".343","60.4 %","31.2 %","2.9 %","4.45","2.09","3.15","1.5","5070"
"Kyle Gibson","Twins","13","12","0","31","31","179.1","5.37","2.86","0.60",".287","66.3 %","54.4 %","7.8 %","4.47","3.80","3.99","2.1","10123"
"Samuel Deduno","- - -","2","6","0","35","9","100.2","7.42","4.11","0.80",".298","71.2 %","53.5 %","11.4 %","4.47","4.31","4.12","-0.1","5285"
"Drew Hutchison","Blue Jays","11","13","0","32","32","184.2","8.97","2.92","1.12",".293","71.2 %","36.1 %","9.7 %","4.48","3.85","3.82","2.3","10732"
"Danny Worth","Tigers","0","0","0","2","0","2.0","9.00","0.00","0.00",".500","75.0 %","50.0 %","0.0 %","4.50","1.13","2.37","0.0","198"
"Blake Beavan","Mariners","0","1","0","1","1","4.0","2.25","0.00","4.50",".308","100.0 %","33.3 %","28.6 %","4.50","9.13","4.80","-0.2","338"
"Hector Ambriz","Padres","0","0","0","1","0","2.0","4.50","9.00","0.00",".333","50.0 %","16.7 %","0.0 %","4.50","5.13","6.37","0.0","559"
"Nate Adcock","Rangers","0","0","0","7","0","10.0","8.10","4.50","1.80",".333","85.5 %","41.4 %","28.6 %","4.50","6.03","4.30","-0.2","3282"
"Ethan Martin","Phillies","0","0","0","2","0","4.0","9.00","6.75","2.25",".000","76.9 %","11.1 %","14.3 %","4.50","6.63","5.55","-0.1","3877"
"Tyler Chatwood","Rockies","1","0","0","4","4","24.0","7.50","3.00","1.50",".254","70.9 %","45.7 %","22.2 %","4.50","4.88","3.64","0.0","4338"
"Edwin Escobar","Red Sox","0","0","0","2","0","2.0","9.00","0.00","0.00",".200","50.0 %","20.0 %","0.0 %","4.50","2.63","5.10","0.0","10337"
"Heath Hembree","Red Sox","0","0","0","6","0","10.0","5.40","4.50","0.90",".323","75.3 %","28.1 %","6.3 %","4.50","4.73","5.41","-0.1","11632"
"Nate Karns","Rays","1","1","0","2","2","12.0","9.75","3.00","2.25",".148","79.6 %","43.3 %","23.1 %","4.50","5.72","3.80","-0.1","12638"
"Jose Veras","- - -","4","1","1","46","0","46.0","9.78","5.28","1.17",".265","71.7 %","44.2 %","14.6 %","4.50","4.61","4.02","-0.2","2063"
"C.C. Lee","Indians","1","1","0","37","0","28.0","8.36","3.86","0.96",".325","73.5 %","41.7 %","10.0 %","4.50","4.28","4.21","-0.1","5177"
"Randy Choate","Cardinals","2","2","0","61","0","36.0","8.00","3.25","0.50",".260","64.0 %","61.1 %","9.5 %","4.50","3.58","3.58","0.2","813"
"C.J. Wilson","Angels","13","10","0","31","31","175.2","7.74","4.35","0.87",".306","70.5 %","47.8 %","11.3 %","4.51","4.31","4.11","0.9","3580"
"Jeremy Hellickson","Rays","1","5","0","13","13","63.2","7.63","2.97","1.13",".321","71.3 %","36.5 %","9.6 %","4.52","4.15","4.13","0.4","4371"
"Shawn Kelley","Yankees","3","6","4","59","0","51.2","11.67","3.48","0.87",".315","67.8 %","33.6 %","8.9 %","4.53","3.02","3.10","0.8","7773"
"Justin Verlander","Tigers","15","12","0","32","32","206.0","6.95","2.84","0.79",".317","66.8 %","39.6 %","6.8 %","4.54","3.74","4.19","2.8","8700"
"Tony Cingrani","Reds","2","8","0","13","11","63.1","8.67","4.97","1.71",".292","80.1 %","34.8 %","15.2 %","4.55","5.37","4.45","-0.2","12555"
"Nick Martinez","Rangers","5","12","0","29","24","140.1","4.94","3.53","1.15",".289","70.6 %","32.9 %","8.1 %","4.55","4.94","5.24","0.1","12730"
"Vidal Nuno","- - -","2","12","0","31","28","161.2","7.18","2.56","1.39",".279","69.0 %","38.1 %","11.8 %","4.56","4.51","4.11","0.9","9674"
"Nicholas Tropeano","Astros","1","3","0","4","4","21.2","5.40","3.74","0.00",".279","58.6 %","40.3 %","0.0 %","4.57","3.32","5.09","0.4","12385"
"Luis Avilan","Braves","4","1","0","62","0","43.1","5.19","4.36","0.42",".317","71.9 %","58.0 %","6.3 %","4.57","4.24","4.55","-0.3","2882"
"Jake Buchanan","Astros","1","3","0","17","2","35.1","5.09","3.06","1.02",".316","72.3 %","59.8 %","22.2 %","4.58","4.58","3.73","-0.2","10962"
"A.J. Burnett","Phillies","8","18","0","34","34","213.2","8.00","4.04","0.84",".302","67.5 %","50.9 %","11.3 %","4.59","4.14","3.95","1.5","512"
"Maikel Cleto","White Sox","0","1","0","28","0","29.1","9.82","7.06","0.92",".273","69.9 %","43.8 %","8.8 %","4.60","4.94","5.04","-0.2","5529"
"Anthony Swarzak","Twins","3","2","0","50","4","86.0","4.92","2.93","0.52",".319","66.1 %","44.5 %","4.6 %","4.60","3.77","4.57","0.3","7466"
"Kyle Kendrick","Phillies","10","13","0","32","32","199.0","5.47","2.58","1.13",".290","70.5 %","44.6 %","11.0 %","4.61","4.57","4.35","0.9","6230"
"Evan Scribner","Athletics","1","0","0","13","0","11.2","8.49","0.00","3.09",".226","93.8 %","34.3 %","25.0 %","4.63","5.96","3.20","-0.2","7525"
"Carlos Villanueva","Cubs","5","7","2","42","5","77.2","8.34","2.20","0.70",".342","67.3 %","41.3 %","6.5 %","4.64","3.13","3.61","1.2","4138"
"Kevin Chapman","Astros","2","0","0","21","0","21.1","8.02","4.64","1.27",".297","76.4 %","49.2 %","13.0 %","4.64","4.73","4.23","-0.3","11240"
"Brandon Maurer","Mariners","1","4","0","38","7","69.2","7.11","2.45","0.78",".308","63.8 %","39.5 %","6.3 %","4.65","3.49","4.06","0.6","4878"
"Eric Fornataro","Cardinals","0","0","0","8","0","9.2","2.79","0.93","0.00",".297","53.9 %","51.4 %","0.0 %","4.66","3.13","4.92","0.0","7042"
"Brian Wilson","Dodgers","2","4","1","61","0","48.1","10.06","5.40","0.93",".336","74.7 %","38.1 %","9.8 %","4.66","4.29","4.25","-0.2","6485"
"Manny Parra","Reds","0","3","1","53","0","36.2","8.35","4.42","0.98",".327","72.5 %","51.5 %","14.8 %","4.66","4.25","3.74","-0.1","4279"
"Jason Motte","Cardinals","1","0","0","29","0","25.0","6.12","3.24","2.52",".286","85.1 %","36.9 %","20.0 %","4.68","6.49","4.58","-0.6","5861"
"Brad Peacock","Astros","4","9","0","28","24","131.2","8.13","4.78","1.37",".309","71.4 %","36.9 %","12.1 %","4.72","4.99","4.56","-0.1","5401"
"Rob Wooten","Brewers","1","4","0","40","0","34.1","7.60","2.10","0.26",".380","66.5 %","53.3 %","3.4 %","4.72","2.61","3.27","0.5","8532"
"Kris Johnson","Twins","0","1","0","3","3","13.1","8.10","6.08","1.35",".366","81.9 %","43.9 %","22.2 %","4.73","5.31","4.19","-0.1","886"
"Michael Tonkin","Twins","0","0","0","25","0","19.0","7.58","2.84","0.95",".344","63.8 %","43.3 %","10.5 %","4.74","4.08","3.95","-0.1","10315"
"John Danks","White Sox","11","11","0","32","32","193.2","5.99","3.44","1.16",".291","71.9 %","42.3 %","10.4 %","4.74","4.76","4.62","0.4","6329"
"Tim Lincecum","Giants","12","9","1","33","26","155.2","7.75","3.64","1.10",".299","69.6 %","47.3 %","13.9 %","4.74","4.31","3.81","0.2","5705"
"Donn Roach","Padres","1","0","0","16","1","30.1","5.04","4.45","0.59",".333","72.8 %","64.4 %","10.5 %","4.75","4.75","4.66","-0.3","10620"
"Gonzalez Germen","Mets","0","0","0","25","0","30.1","9.20","4.15","2.08",".288","82.4 %","36.0 %","18.4 %","4.75","5.57","4.12","-0.5","5876"
"Nick Greenwood","Cardinals","2","1","0","19","1","36.0","4.25","1.25","1.25",".265","65.7 %","58.7 %","17.9 %","4.75","4.49","3.65","-0.2","8182"
"Hector Noesi","- - -","8","12","0","33","27","172.1","6.42","2.92","1.46",".290","70.4 %","38.0 %","12.7 %","4.75","4.83","4.29","0.2","3292"
"Erik Bedard","Rays","4","6","0","17","15","75.2","7.61","3.45","1.19",".312","68.3 %","33.6 %","9.0 %","4.76","4.39","4.48","0.3","126"
"Josh Tomlin","Indians","6","9","0","25","16","104.0","8.13","1.21","1.56",".320","62.8 %","37.5 %","15.3 %","4.76","4.01","3.16","0.9","9388"
"Pedro Hernandez","Rockies","0","1","0","1","1","5.2","3.18","3.18","0.00",".316","66.7 %","61.1 %","0.0 %","4.76","4.01","5.11","0.1","4578"
"Billy Buckner","Padres","0","1","0","1","1","5.2","6.35","6.35","1.59",".278","81.4 %","55.6 %","25.0 %","4.76","6.13","4.71","-0.1","8253"
"Mike Minor","Braves","6","12","0","25","25","145.1","7.43","2.72","1.30",".323","74.4 %","40.6 %","12.9 %","4.77","4.39","3.90","0.4","10021"
"Jerome Williams","- - -","6","7","0","37","11","115.0","6.42","2.82","0.94",".313","68.6 %","44.6 %","10.0 %","4.77","4.16","4.09","0.4","1137"
"David Holmberg","Reds","2","2","0","7","5","30.0","5.40","4.80","2.40",".213","87.3 %","37.6 %","19.0 %","4.80","7.60","5.86","-0.8","7725"
"Rob Scahill","Rockies","1","0","0","12","0","15.0","6.60","5.40","1.80",".292","83.3 %","44.0 %","17.6 %","4.80","6.27","5.07","-0.4","9286"
"Scott Carroll","White Sox","5","10","0","26","19","129.1","4.45","3.13","0.90",".305","66.2 %","53.4 %","11.1 %","4.80","4.77","4.58","0.0","888"
"Anthony Ranaudo","Red Sox","4","3","0","7","7","39.1","3.43","3.66","2.29",".225","82.9 %","34.1 %","14.3 %","4.81","6.89","5.79","-0.7","11424"
"Eric Surkamp","White Sox","2","0","0","35","0","24.1","7.40","4.81","1.11",".271","69.2 %","40.6 %","11.1 %","4.81","4.82","4.59","-0.3","2540"
"Joe Nathan","Tigers","5","4","35","62","0","58.0","8.38","4.50","0.78",".324","69.9 %","41.6 %","8.1 %","4.81","3.94","4.14","0.0","1122"
"Ubaldo Jimenez","Orioles","6","9","0","25","22","125.1","8.33","5.53","1.01",".289","72.3 %","41.3 %","10.9 %","4.81","4.67","4.48","0.4","3374"
"Paul Maholm","Dodgers","1","5","0","30","8","70.2","4.33","3.57","1.02",".311","67.8 %","54.4 %","12.9 %","4.84","4.96","4.57","-0.6","8678"
"Kyuji Fujikawa","Cubs","0","0","0","15","0","13.0","11.77","4.15","1.38",".432","77.6 %","43.6 %","15.4 %","4.85","4.36","3.60","0.0","14443"
"Jerry Blevins","Nationals","2","3","0","64","0","57.1","10.36","3.61","0.47",".306","60.5 %","38.8 %","5.6 %","4.87","2.77","3.25","0.8","7841"
"Randall Delgado","Diamondbacks","4","4","0","47","4","77.2","9.97","4.06","0.70",".311","64.6 %","35.2 %","6.5 %","4.87","3.39","3.85","0.7","5985"
"Matt Belisle","Rockies","4","7","0","66","1","64.2","5.98","2.64","0.70",".322","67.8 %","46.0 %","8.1 %","4.87","3.74","3.92","0.3","1837"
"J.J. Hoover","Reds","1","10","0","54","0","62.2","10.77","4.45","1.87",".277","74.5 %","28.5 %","14.9 %","4.88","4.97","3.99","-0.5","9037"
"Brandon Cumpton","Pirates","3","4","0","16","10","70.0","5.91","2.31","0.26",".338","63.0 %","44.2 %","3.1 %","4.89","3.22","3.98","1.0","11366"
"Ryan Rowland-Smith","Diamondbacks","0","0","0","6","0","7.1","11.05","4.91","0.00",".350","54.6 %","26.3 %","0.0 %","4.91","2.31","3.66","0.1","3245"
"Drew Rucinski","Angels","0","0","0","3","0","7.1","9.82","2.45","0.00",".391","66.7 %","43.5 %","0.0 %","4.91","2.18","3.53","0.1","12499"
"Grant Balfour","Rays","2","6","12","65","0","62.1","8.23","5.92","0.43",".274","65.7 %","43.8 %","5.1 %","4.91","3.95","4.49","0.1","718"
"Steve Delabar","Blue Jays","3","0","0","30","0","25.2","7.36","6.66","1.05",".235","73.4 %","31.9 %","10.0 %","4.91","5.59","5.51","-0.5","11827"
"Jorge De Leon","Astros","0","0","0","8","0","7.1","4.91","3.68","2.45",".292","87.0 %","30.8 %","18.2 %","4.91","6.81","5.12","-0.2","5397"
"Jimmy Nelson","Brewers","2","9","0","14","12","69.1","7.40","2.47","0.78",".344","66.6 %","48.4 %","8.5 %","4.93","3.78","3.92","0.9","10547"
"Ian Krol","Tigers","0","0","1","45","0","32.2","7.71","3.58","1.65",".343","70.0 %","40.0 %","17.6 %","4.96","5.18","4.08","-0.6","10066"
"Scott Downs","- - -","0","4","1","55","0","38.0","5.92","4.74","0.47",".288","60.2 %","62.2 %","6.7 %","4.97","4.08","4.37","-0.1","773"
"Robbie Erlin","Padres","4","5","0","13","11","61.1","6.75","2.20","0.88",".332","67.4 %","40.9 %","9.5 %","4.99","3.69","3.68","0.7","10354"
"Lucas Luetge","Mariners","0","0","0","12","0","9.0","7.00","5.00","3.00",".130","88.2 %","42.3 %","30.0 %","5.00","7.58","4.62","-0.3","8337"
"Matt Daley","Yankees","0","1","0","13","0","14.1","6.28","3.77","2.51",".190","59.7 %","22.2 %","14.8 %","5.02","6.83","5.53","-0.4","7952"
"Travis Wood","Cubs","8","13","0","31","31","173.2","7.57","3.94","1.04",".320","66.5 %","34.4 %","8.8 %","5.03","4.38","4.51","1.3","9884"
"Matt Lindstrom","White Sox","2","2","6","35","0","34.0","4.76","3.18","0.79",".355","66.3 %","51.2 %","8.6 %","5.03","4.37","4.49","-0.2","4604"
"Allen Webster","Red Sox","5","3","0","11","11","59.0","5.49","4.27","0.46",".297","65.3 %","46.0 %","4.9 %","5.03","4.35","4.97","0.3","3993"
"Chris Heston","Giants","0","0","0","3","1","5.1","6.75","5.06","0.00",".353","66.7 %","47.1 %","0.0 %","5.06","3.32","4.01","0.0","10302"
"Yohan Pino","Twins","2","5","0","11","11","60.1","7.46","2.09","1.19",".314","63.0 %","28.6 %","8.8 %","5.07","3.94","4.08","0.7","6955"
"Justin Miller","Tigers","1","0","0","8","0","12.1","3.65","1.46","1.46",".273","53.0 %","37.8 %","10.0 %","5.11","4.92","4.81","-0.1","8580"
"David Martinez","Astros","0","0","0","3","0","7.0","7.71","2.57","1.29",".211","53.6 %","35.0 %","12.5 %","5.14","4.13","3.69","0.0","8893"
"Blake Parker","Cubs","1","1","0","18","0","21.0","10.29","1.71","1.29",".350","63.0 %","31.7 %","10.3 %","5.14","3.28","3.12","0.2","5224"
"Troy Patton","- - -","0","1","0","17","0","14.0","8.36","3.21","1.29",".326","71.4 %","51.2 %","12.5 %","5.14","4.20","3.76","-0.1","8368"
"Leonel Campos","Padres","0","0","0","6","0","7.0","11.57","5.14","0.00",".450","61.5 %","35.0 %","0.0 %","5.14","2.28","3.33","0.1","12277"
"Brandon Workman","Red Sox","1","10","0","19","15","87.0","7.24","3.72","1.14",".296","62.0 %","41.2 %","11.2 %","5.17","4.44","4.19","0.3","11428"
"Colby Lewis","Rangers","10","14","0","29","29","170.1","7.03","2.54","1.32",".339","69.0 %","33.0 %","10.1 %","5.18","4.46","4.36","1.1","1259"
"Yohan Flande","Rockies","0","6","0","16","10","59.0","5.19","2.44","0.76",".272","59.1 %","58.2 %","12.5 %","5.19","4.00","3.73","0.6","5057"
"Preston Guilmet","Orioles","0","1","0","10","0","10.1","10.45","1.74","1.74",".222","55.6 %","41.4 %","20.0 %","5.23","3.91","2.59","0.0","7303"
"Zach McAllister","Indians","4","7","0","22","15","86.0","7.74","2.93","0.73",".332","61.3 %","42.1 %","6.9 %","5.23","3.45","3.84","1.3","2895"
"Chase Whitley","Yankees","4","3","0","24","12","75.2","7.14","2.14","1.19",".353","70.6 %","45.3 %","12.0 %","5.23","4.14","3.77","0.6","10982"
"Liam Hendriks","- - -","1","2","0","9","6","32.2","6.34","1.93","0.83",".327","61.6 %","38.5 %","7.5 %","5.23","3.84","4.16","0.4","3548"
"Stolmy Pimentel","Pirates","2","1","0","20","0","32.2","10.47","4.41","1.38",".333","73.3 %","27.8 %","11.1 %","5.23","4.45","4.16","-0.1","6415"
"Casey Coleman","Royals","1","0","0","10","0","12.0","3.75","4.50","0.00",".364","63.6 %","63.6 %","0.0 %","5.25","3.80","4.52","0.0","8270"
"Erasmo Ramirez","Mariners","1","6","0","17","14","75.1","7.17","4.06","1.55",".307","75.1 %","37.7 %","12.7 %","5.26","5.38","4.81","-0.6","10314"
"Randy Wolf","Marlins","1","3","1","6","4","25.2","6.66","2.10","1.40",".345","65.9 %","38.1 %","12.9 %","5.26","4.38","3.85","0.0","976"
"CC Sabathia","Yankees","3","4","0","8","8","46.0","9.39","1.96","1.96",".350","70.7 %","48.3 %","23.3 %","5.28","4.78","3.11","0.1","404"
"Kevin Slowey","Marlins","1","1","0","17","2","37.1","5.79","2.17","0.72",".382","68.6 %","40.8 %","6.3 %","5.30","3.78","4.32","0.1","9918"
"Mike Foltynewicz","Astros","0","1","0","16","0","18.2","6.75","3.38","1.45",".333","73.6 %","28.6 %","9.4 %","5.30","4.85","4.88","0.0","10811"
"Clay Buchholz","Red Sox","8","11","0","28","28","170.1","6.97","2.85","0.90",".315","62.1 %","46.6 %","9.2 %","5.34","4.01","4.04","1.5","3543"
"Franklin Morales","Rockies","6","9","0","38","22","142.1","6.32","4.11","1.52",".315","72.3 %","42.8 %","15.9 %","5.37","5.42","4.53","-0.6","5088"
"Ricky Nolasco","Twins","6","12","0","27","27","159.0","6.51","2.15","1.25",".351","69.7 %","41.8 %","11.6 %","5.38","4.30","3.97","0.8","3830"
"Juan Nicasio","Rockies","6","6","0","33","14","93.2","6.05","2.98","1.83",".298","71.2 %","45.9 %","18.3 %","5.38","5.45","4.18","-0.5","7731"
"Arodys Vizcaino","Cubs","0","0","0","5","0","5.0","7.20","5.40","1.80",".286","75.8 %","40.0 %","16.7 %","5.40","5.93","4.82","0.0","5498"
"Drew VerHagen","Tigers","0","1","0","1","1","5.0","7.20","5.40","0.00",".385","62.5 %","41.7 %","0.0 %","5.40","3.33","4.07","0.1","13424"
"Jhoulys Chacin","Rockies","1","7","0","11","11","63.1","5.97","3.98","1.14",".285","66.8 %","42.9 %","11.6 %","5.40","4.82","4.53","0.2","2608"
"Jose Ramirez","Yankees","0","2","0","8","0","10.0","9.00","6.30","1.80",".321","81.4 %","20.0 %","11.8 %","5.40","6.43","5.93","-0.2","10171"
"Brett Bochy","Giants","0","0","0","3","0","3.1","8.10","5.40","2.70",".000","76.9 %","37.5 %","25.0 %","5.40","7.93","5.52","-0.1","11867"
"Daniel Norris","Blue Jays","0","0","0","5","1","6.2","5.40","6.75","1.35",".200","69.8 %","35.0 %","11.1 %","5.40","6.13","5.85","-0.1","13475"
"Chad Smith","Tigers","0","0","0","10","0","11.2","6.94","2.31","0.77",".378","66.3 %","36.8 %","7.1 %","5.40","3.48","3.84","0.0","13604"
"Shawn Camp","Phillies","0","0","0","3","0","3.1","2.70","0.00","2.70",".462","89.3 %","42.9 %","20.0 %","5.40","6.43","4.39","-0.1","1855"
"Kevin Correia","- - -","7","17","0","32","26","154.0","4.62","2.34","1.17",".315","63.5 %","43.2 %","9.5 %","5.44","4.67","4.67","0.0","1767"
"Darin Downs","Astros","2","1","0","45","0","34.2","7.01","4.93","0.52",".268","59.3 %","43.9 %","5.1 %","5.45","4.23","4.87","-0.2","5903"
"Scott Baker","Rangers","3","4","0","25","8","80.2","6.14","1.56","1.67",".272","63.6 %","25.3 %","11.5 %","5.47","4.78","4.37","0.0","6176"
"Logan Ondrusek","Reds","3","3","0","40","0","41.0","9.22","3.51","1.10",".360","68.3 %","44.5 %","10.2 %","5.49","3.91","3.80","0.0","3677"
"Mike Bolsinger","Diamondbacks","1","6","0","10","9","52.1","8.25","2.92","1.20",".355","64.2 %","52.4 %","15.9 %","5.50","4.01","3.31","0.4","11137"
"Felix Doubront","- - -","4","5","0","21","14","79.2","5.76","3.73","1.36",".297","65.9 %","38.0 %","11.2 %","5.54","5.13","4.83","-0.2","1478"
"Nick Christiani","Reds","0","1","0","10","0","13.0","5.54","4.15","1.38",".244","65.8 %","48.8 %","14.3 %","5.54","5.29","4.62","-0.2","10332"
"Louis Coleman","Royals","1","0","1","31","0","34.0","6.35","4.76","1.59",".314","74.6 %","42.3 %","15.0 %","5.56","5.69","4.85","-0.6","9720"
"Ronald Belisario","White Sox","4","8","8","62","0","66.1","6.38","2.44","0.54",".339","57.7 %","59.3 %","8.0 %","5.56","3.54","3.69","0.4","2203"
"Rex Brothers","Rockies","4","6","0","74","0","56.1","8.79","6.23","1.12",".341","70.7 %","38.8 %","13.2 %","5.59","4.98","4.53","-0.7","9794"
"Taylor Jordan","Nationals","0","3","0","5","5","25.2","5.96","2.81","1.05",".330","60.3 %","53.2 %","11.1 %","5.61","4.50","4.28","0.1","10466"
"Trevor Cahill","Diamondbacks","3","12","1","32","17","110.2","8.54","4.47","0.73",".350","62.6 %","48.5 %","10.1 %","5.61","3.89","3.83","0.8","6249"
"Josh Lueke","Rays","1","2","0","25","0","30.1","5.64","1.48","2.08",".301","70.2 %","42.7 %","17.5 %","5.64","5.47","4.10","-0.4","5722"
"Jose Valverde","Mets","1","1","2","21","0","20.2","10.02","4.35","1.74",".345","63.4 %","33.3 %","14.8 %","5.66","4.87","3.97","-0.2","1726"
"Brandon Morrow","Blue Jays","1","3","0","13","6","33.1","8.10","4.86","0.54",".357","65.1 %","50.5 %","6.7 %","5.67","3.73","4.06","0.3","9346"
"Esmil Rogers","- - -","2","0","0","34","1","45.2","8.67","3.35","1.58",".321","67.5 %","37.5 %","13.8 %","5.72","4.73","4.02","-0.2","6317"
"Matt Stites","Diamondbacks","0","0","0","37","0","33.0","7.09","4.36","1.64",".273","64.9 %","42.0 %","14.6 %","5.73","5.47","4.64","-0.6","12165"
"Evan Meek","Orioles","0","4","0","23","0","23.1","6.17","4.24","1.16",".307","66.1 %","49.3 %","14.3 %","5.79","5.10","4.54","-0.4","5109"
"Nick Masset","Rockies","2","0","0","51","0","45.0","7.20","4.80","0.60",".371","66.8 %","51.7 %","7.5 %","5.80","4.33","4.56","-0.1","7267"
"Andrew Heaney","Marlins","0","3","0","7","5","29.1","6.14","2.15","1.84",".289","68.5 %","45.2 %","18.2 %","5.83","5.45","4.18","-0.3","15423"
"Paul Clemens","Astros","0","1","0","13","0","24.2","5.84","4.74","1.82",".277","62.9 %","41.2 %","15.6 %","5.84","6.17","5.14","-0.5","8037"
"Juan Jaime","Braves","0","0","0","16","0","12.1","13.14","6.57","0.73",".394","70.8 %","37.5 %","10.0 %","5.84","3.70","3.65","0.0","6127"
"Jeff Francis","- - -","1","2","1","12","1","20.0","6.75","1.35","1.35",".250","50.6 %","41.9 %","13.6 %","5.85","4.18","3.59","0.0","4684"
"Justin Masterson","- - -","7","9","0","28","25","128.2","8.11","4.83","0.84",".339","64.8 %","58.2 %","14.6 %","5.88","4.50","4.08","0.3","2038"
"Aaron Poreda","Rangers","2","1","0","26","0","21.1","8.86","2.95","0.84",".424","68.2 %","44.6 %","10.5 %","5.91","3.51","3.39","0.1","4313"
"Christian Friedrich","Rockies","0","4","0","16","3","24.1","9.99","3.70","1.11",".324","48.8 %","39.1 %","12.0 %","5.92","4.00","3.66","0.2","7942"
"Christian Bergman","Rockies","3","5","0","10","10","54.2","5.10","1.65","1.48",".333","66.8 %","32.7 %","10.5 %","5.93","4.74","4.55","0.2","10925"
"Scott Rice","Mets","1","2","0","32","0","13.2","8.56","7.90","0.66",".359","71.4 %","66.7 %","12.5 %","5.93","5.03","4.81","-0.3","2743"
"Craig Breslow","Red Sox","2","4","1","60","0","54.1","6.13","4.64","1.33",".351","68.6 %","36.7 %","10.7 %","5.96","5.34","5.13","-0.9","4363"
"Stephen Fife","Dodgers","0","0","0","1","1","6.0","7.50","1.50","4.50",".235","100.0 %","55.0 %","60.0 %","6.00","8.97","3.50","-0.2","8077"
"Carlos Frias","Dodgers","1","1","0","15","2","32.1","8.07","1.95","1.11",".299","52.3 %","52.0 %","12.1 %","6.12","3.60","3.25","0.1","3547"
"Jacob Turner","- - -","6","11","0","28","18","113.0","5.65","2.63","0.96",".354","61.1 %","49.1 %","10.3 %","6.13","4.16","4.05","0.4","10185"
"Ryan Feierabend","Rangers","0","0","0","6","0","7.1","4.91","2.45","0.00",".400","64.3 %","39.3 %","0.0 %","6.14","2.86","5.05","0.1","6336"
"Robbie Ross","Rangers","3","6","0","27","12","78.1","5.86","3.45","1.03",".351","58.9 %","53.5 %","12.2 %","6.20","4.74","4.41","-0.1","6819"
"Corey Knebel","Tigers","0","0","0","8","0","8.2","11.42","3.12","0.00",".440","50.0 %","48.0 %","0.0 %","6.23","1.63","2.92","0.2","15010"
"Josh Stinson","Orioles","0","0","0","8","0","13.0","4.15","4.15","1.38",".311","70.8 %","51.1 %","13.3 %","6.23","6.06","5.48","-0.2","3219"
"Anthony DeSclafani","Marlins","2","2","0","13","5","33.0","7.09","1.36","1.09",".330","58.0 %","35.5 %","9.3 %","6.27","3.77","3.80","0.1","13050"
"Anthony Bass","Astros","1","1","2","21","0","27.0","2.33","2.33","2.00",".268","64.4 %","51.5 %","20.0 %","6.33","6.50","4.99","-1.0","7982"
"Edwin Jackson","Cubs","6","15","0","28","27","140.2","7.87","4.03","1.15",".352","61.8 %","39.4 %","11.9 %","6.33","4.45","4.12","0.7","1841"
"Sean O'Sullivan","Phillies","0","1","0","3","2","12.2","4.97","1.42","2.13",".300","62.5 %","39.0 %","18.8 %","6.39","5.58","4.06","-0.1","9137"
"Luis Garcia","Phillies","1","0","0","13","0","14.0","7.71","8.36","1.29",".286","62.0 %","69.8 %","25.0 %","6.43","6.06","4.91","-0.3","6984"
"Miles Mikolas","Rangers","2","5","0","10","10","57.1","5.97","2.83","1.26",".299","57.5 %","40.2 %","11.1 %","6.44","4.77","4.51","0.1","9803"
"Erik Johnson","White Sox","1","1","0","5","5","23.2","6.85","5.70","0.38",".356","61.0 %","43.2 %","4.2 %","6.46","4.32","5.02","0.2","12520"
"Michael Mariot","Royals","1","0","0","17","0","25.0","7.56","4.32","0.72",".349","54.7 %","37.6 %","5.9 %","6.48","3.93","4.57","0.0","10835"
"Alfredo Aceves","Yankees","1","2","0","10","0","19.1","7.45","1.86","2.79",".293","71.4 %","23.4 %","16.7 %","6.52","6.29","4.55","-0.3","5164"
"Carlos Contreras","Reds","0","1","0","17","0","19.1","8.84","7.91","0.93",".304","60.2 %","33.3 %","7.7 %","6.52","5.15","5.47","-0.2","10386"
"Cam Bedrosian","Angels","0","1","0","17","0","19.1","9.31","5.59","0.93",".356","55.9 %","41.0 %","8.7 %","6.52","4.27","4.40","0.0","13360"
"Brad Penny","Marlins","2","1","0","8","4","26.0","4.50","4.50","1.04",".344","63.9 %","51.1 %","12.0 %","6.58","5.25","4.94","-0.3","535"
"J.J. Putz","Diamondbacks","1","1","0","18","0","13.2","9.22","3.95","0.66",".400","62.0 %","55.0 %","8.3 %","6.59","3.57","3.71","0.1","1795"
"Jeff Manship","Phillies","1","2","0","20","0","23.0","6.26","5.48","0.39",".311","57.4 %","43.1 %","4.0 %","6.65","4.13","4.91","0.0","6865"
"Joe Saunders","- - -","0","5","0","14","8","43.0","4.81","5.02","1.88",".357","68.9 %","45.2 %","17.0 %","6.70","6.60","5.40","-0.7","4366"
"Matt West","Rangers","0","0","0","3","0","4.0","6.75","2.25","0.00",".429","57.1 %","57.1 %","0.0 %","6.75","2.38","3.00","0.0","7980"
"Phil Irwin","Rangers","0","1","0","1","1","4.0","4.50","4.50","2.25",".357","79.0 %","33.3 %","16.7 %","6.75","7.63","6.24","-0.1","9489"
"Seth Rosin","Rangers","1","0","0","3","0","4.0","6.75","2.25","0.00",".400","57.1 %","57.1 %","0.0 %","6.75","2.38","3.31","0.0","10606"
"Wandy Rodriguez","Pirates","0","2","0","6","6","26.2","6.75","2.70","3.38",".310","64.5 %","42.4 %","25.6 %","6.75","7.41","4.34","-0.8","2586"
"Dan Straily","- - -","1","3","0","14","8","52.0","8.13","4.15","1.73",".291","58.5 %","35.3 %","13.2 %","6.75","5.32","4.63","-0.2","9460"
"Eddie Butler","Rockies","1","1","0","3","3","16.0","1.69","3.94","1.13",".328","66.2 %","51.6 %","13.3 %","6.75","5.69","5.23","-0.1","13453"
"Miguel Gonzalez","Phillies","0","1","0","6","0","5.1","8.44","5.06","1.69",".400","75.5 %","19.0 %","10.0 %","6.75","5.38","5.26","-0.1","15675"
"B.J. Rosenberg","Phillies","1","0","0","13","0","12.0","6.75","5.25","3.75",".395","85.0 %","30.2 %","26.3 %","6.75","8.80","5.34","-0.6","7183"
"Andre Rienzo","White Sox","4","5","0","18","11","64.2","7.10","4.59","1.67",".332","64.0 %","45.0 %","16.7 %","6.82","5.73","4.69","-0.5","3507"
"Kevin Siegrist","Cardinals","1","4","0","37","0","30.1","10.98","4.75","1.48",".338","62.8 %","30.1 %","12.2 %","6.82","4.62","4.14","-0.2","8180"
"Alexi Ogando","Rangers","2","3","1","27","0","25.0","7.92","5.40","0.36",".386","63.0 %","34.9 %","2.6 %","6.84","3.81","5.17","0.1","10261"
"Boone Logan","Rockies","2","3","0","35","0","25.0","11.52","3.96","2.16",".379","66.5 %","50.0 %","35.3 %","6.84","5.13","2.85","-0.4","5525"
"Chris Martin","Rockies","0","0","0","16","0","15.2","8.04","2.30","1.15",".408","60.3 %","60.8 %","20.0 %","6.89","3.77","2.90","0.0","11847"
"Josh Zeid","Astros","0","0","0","23","0","20.2","7.84","3.05","2.61",".364","67.6 %","40.3 %","27.3 %","6.97","6.33","3.87","-0.6","6527"
"Jim Johnson","- - -","5","2","2","54","0","53.1","7.09","5.91","0.84",".366","62.1 %","58.1 %","13.5 %","7.09","5.08","4.72","-0.7","3656"
"Chris Rusin","Cubs","0","0","0","4","0","12.2","5.68","3.55","0.71",".341","56.1 %","47.7 %","6.7 %","7.11","4.08","4.52","0.0","9895"
"Blake Wood","Indians","0","1","0","7","0","6.1","9.95","9.95","0.00",".267","58.3 %","40.0 %","0.0 %","7.11","4.71","5.88","-0.1","1345"
"Lester Oliveros","Twins","0","1","0","7","0","6.1","7.11","4.26","2.84",".235","64.5 %","31.6 %","16.7 %","7.11","7.08","5.32","-0.2","9167"
"Logan Darnell","Twins","0","2","0","7","4","24.0","8.25","3.00","1.88",".342","60.6 %","47.5 %","25.0 %","7.13","5.13","3.45","-0.2","11261"
"Joe Wieland","Padres","1","0","0","4","2","11.1","6.35","3.97","2.38",".342","71.4 %","36.6 %","17.6 %","7.15","6.49","4.90","-0.3","6109"
"Jim Henderson","Brewers","2","1","0","14","0","11.1","13.50","3.18","2.38",".423","58.0 %","33.3 %","27.3 %","7.15","4.63","2.39","-0.1","6653"
"Heath Bell","Rays","1","1","0","13","0","17.1","6.23","4.15","0.52",".365","57.8 %","66.7 %","8.3 %","7.27","4.57","4.68","-0.1","2080"
"Alfredo Figaro","Brewers","0","1","0","6","0","8.2","8.31","1.04","2.08",".333","54.4 %","44.8 %","18.2 %","7.27","4.63","3.20","0.0","8404"
"Ernesto Frieri","- - -","1","4","11","48","0","41.2","10.37","3.02","2.38",".330","60.9 %","32.5 %","19.3 %","7.34","5.41","3.67","-0.7","5178"
"Bruce Chen","Royals","2","4","0","13","7","48.1","6.70","2.98","1.30",".380","60.4 %","31.5 %","9.3 %","7.45","4.58","4.62","0.0","769"
"Donnie Veal","White Sox","0","0","0","7","0","6.0","9.00","10.50","0.00",".333","64.3 %","38.9 %","0.0 %","7.50","5.13","6.78","0.0","4741"
"Gus Schlosser","Braves","0","1","0","15","0","17.2","4.08","3.06","1.02",".328","51.5 %","29.7 %","8.3 %","7.64","4.89","5.09","-0.2","12321"
"Daniel McCutchen","Rangers","0","0","0","1","0","2.1","0.00","7.71","3.86",".273","65.2 %","33.3 %","20.0 %","7.71","11.28","8.35","-0.1","263"
"Sean Marshall","Reds","0","0","0","15","0","14.0","9.00","7.71","0.64",".431","64.6 %","52.9 %","12.5 %","7.71","5.06","4.84","-0.2","5905"
"Casey Sadler","Pirates","0","1","0","6","0","10.1","6.10","4.35","0.00",".333","50.0 %","48.6 %","0.0 %","7.84","3.52","4.84","0.0","11209"
"Bo Schultz","Diamondbacks","0","1","0","4","0","8.0","5.63","1.13","1.13",".414","55.6 %","48.3 %","12.5 %","7.88","3.88","3.49","0.0","5028"
"Trevor May","Twins","3","6","0","10","9","45.2","8.67","4.34","1.38",".377","57.4 %","35.7 %","11.9 %","7.88","4.77","4.38","0.1","6398"
"Rudy Owens","Astros","0","1","0","1","1","5.2","1.59","3.18","1.59",".333","66.0 %","29.2 %","7.7 %","7.94","6.66","7.20","-0.1","5226"
"Mike Pelfrey","Twins","0","3","0","5","5","23.2","3.80","6.85","1.90",".286","61.9 %","43.7 %","15.2 %","7.99","7.57","6.55","-0.7","5203"
"Carlos Marmol","Marlins","0","3","0","15","0","13.1","9.45","6.75","2.03",".342","65.8 %","44.7 %","21.4 %","8.10","6.43","4.81","-0.5","2790"
"Bobby Korecky","Blue Jays","0","0","0","2","0","3.1","5.40","2.70","0.00",".364","40.0 %","50.0 %","0.0 %","8.10","2.83","3.57","0.0","4608"
"Neil Wagner","Blue Jays","0","0","0","10","0","10.0","5.40","3.60","0.90",".297","51.3 %","26.3 %","5.9 %","8.10","4.73","5.53","0.0","8162"
"Robbie Ray","Tigers","1","4","0","9","6","28.2","5.97","3.45","1.57",".376","59.6 %","35.2 %","11.6 %","8.16","5.23","4.81","-0.1","11486"
"Ivan Nova","Yankees","2","2","0","4","4","20.2","5.23","2.61","2.61",".371","66.5 %","49.3 %","26.1 %","8.27","6.91","4.51","-0.4","1994"
"C.J. Riefenhauser","Rays","0","0","0","7","0","5.1","3.38","5.06","0.00",".316","44.4 %","31.6 %","0.0 %","8.44","4.07","5.46","0.0","11193"
"Sergio Santos","Blue Jays","0","3","5","26","0","21.0","12.43","7.71","2.14",".426","61.5 %","40.7 %","25.0 %","8.57","6.04","4.12","-0.6","4734"
"Michael Roth","Angels","1","0","0","7","0","12.1","6.57","6.57","1.46",".378","63.5 %","57.9 %","22.2 %","8.76","6.70","5.49","-0.4","13736"
"Adam Dunn","White Sox","0","0","0","1","0","1.0","0.00","9.00","0.00",".400","66.7 %","40.0 %","0.0 %","9.00","6.13","8.60","0.0","319"
"Bruce Billings","Yankees","0","0","0","1","0","4.0","15.75","2.25","4.50",".286","45.5 %","22.2 %","33.3 %","9.00","6.88","2.24","-0.1","3044"
"Jonathan Pettibone","Phillies","0","1","0","2","2","9.0","6.00","3.00","2.00",".417","58.1 %","48.6 %","28.6 %","9.00","5.69","3.76","-0.1","7106"
"Mike Carp","Red Sox","0","0","0","1","0","1.0","0.00","45.00","0.00",".000","80.0 %","50.0 %","0.0 %","9.00","18.13","19.37","-0.1","7480"
"Chaz Roe","Yankees","0","0","0","3","0","2.0","18.00","13.50","0.00",".500","50.0 %","16.7 %","0.0 %","9.00","3.63","6.10","0.0","9866"
"Bobby Parnell","Mets","0","0","0","1","0","1.0","9.00","9.00","0.00",".500","66.7 %","25.0 %","0.0 %","9.00","4.13","6.60","0.0","9926"
"Sean Nolin","Blue Jays","0","0","0","1","0","1.0","0.00","0.00","9.00",".000","100.0 %","25.0 %","100.0 %","9.00","16.13","4.37","-0.1","11341"
"Brian Flynn","Marlins","0","1","0","2","1","7.0","7.71","3.86","0.00",".462","53.3 %","50.0 %","0.0 %","9.00","2.70","3.76","0.1","12027"
"Tanner Scheppers","Rangers","0","1","0","8","4","23.0","6.65","3.91","2.35",".333","56.2 %","55.6 %","24.0 %","9.00","6.74","4.69","-0.4","10267"
"Taylor Hill","Nationals","0","1","0","3","1","9.0","5.00","3.00","0.00",".457","57.1 %","52.9 %","0.0 %","9.00","3.69","4.65","0.1","12515"
"Austin Adams","Indians","0","0","0","6","0","7.0","5.14","1.29","1.29",".333","34.9 %","56.0 %","12.5 %","9.00","4.28","3.83","0.0","7411"
"Chad Bettis","Rockies","0","2","0","21","0","24.2","4.74","3.65","1.46",".384","57.0 %","45.9 %","13.8 %","9.12","5.52","4.87","-0.4","10587"
"Brad Mills","- - -","1","1","0","5","3","20.2","8.27","4.79","2.18",".375","57.1 %","40.6 %","18.5 %","9.15","6.33","4.80","-0.2","4420"
"Zac Rosscup","Cubs","1","0","0","18","0","13.1","14.18","8.10","1.35",".387","51.7 %","28.1 %","13.3 %","9.45","4.63","4.07","-0.1","9419"
"Lucas Harrell","Astros","0","3","0","3","3","12.1","6.57","6.57","1.46",".370","55.6 %","50.0 %","18.2 %","9.49","5.97","4.96","-0.2","7541"
"Jose Cisnero","Astros","0","0","0","5","0","4.2","9.64","7.71","0.00",".500","58.3 %","31.3 %","0.0 %","9.64","3.56","5.15","0.0","6399"
"Kevin Gregg","Marlins","0","0","0","12","0","9.0","6.00","5.00","2.00",".321","45.5 %","36.7 %","15.4 %","10.00","6.35","5.25","-0.3","1793"
"Taylor Thompson","White Sox","0","0","0","5","0","5.1","6.75","6.75","1.69",".444","63.5 %","47.4 %","16.7 %","10.13","6.88","5.84","-0.1","10019"
"Jair Jurrjens","Rockies","0","1","0","2","2","9.1","8.68","2.89","3.86",".485","70.7 %","36.1 %","30.8 %","10.61","8.06","4.21","-0.3","5556"
"Arquimedes Caminero","Marlins","0","1","0","6","0","6.2","10.80","5.40","2.70",".353","43.5 %","36.8 %","18.2 %","10.80","6.43","4.57","-0.2","8992"
"Drew Butera","Dodgers","0","0","0","2","0","1.2","10.80","0.00","5.40",".250","0.0 %","40.0 %","50.0 %","10.80","8.53","2.22","0.0","3411"
"Henry Rodriguez","Marlins","0","0","0","2","0","1.2","5.40","27.00","0.00",".400","71.4 %","20.0 %","0.0 %","10.80","10.93","11.67","-0.1","6371"
"Wei-Chung Wang","Brewers","0","0","0","14","0","17.1","6.75","4.15","3.12",".375","52.3 %","38.6 %","20.7 %","10.90","7.69","5.26","-0.4","14382"
"Felipe Paulino","White Sox","0","2","0","4","4","18.1","6.87","5.89","2.95",".414","60.6 %","40.8 %","23.1 %","11.29","7.99","5.49","-0.6","3777"
"Wilton Lopez","Rockies","0","0","0","4","0","6.1","5.68","0.00","4.26",".517","72.5 %","50.0 %","50.0 %","11.37","8.03","3.04","-0.2","4227"
"Jose Dominguez","Dodgers","0","0","0","5","0","6.1","11.37","4.26","2.84",".313","36.6 %","33.3 %","25.0 %","11.37","6.61","4.06","-0.1","11571"
"Buck Farmer","Tigers","0","1","0","4","2","9.1","10.61","4.82","1.93",".385","43.2 %","33.3 %","14.3 %","11.57","5.81","4.88","-0.1","14814"
"Brad Lincoln","Phillies","0","0","0","2","0","2.1","7.71","0.00","3.86",".444","65.2 %","10.0 %","25.0 %","11.57","8.28","4.82","-0.1","4241"
"Dane de la Rosa","Angels","0","0","0","3","0","2.1","0.00","11.57","0.00",".300","50.0 %","25.0 %","0.0 %","11.57","6.99","8.05","-0.1","10095"
"Ryan Dennick","Reds","0","0","0","8","0","4.2","5.79","7.71","3.86",".313","48.8 %","23.5 %","22.2 %","11.57","9.99","6.80","-0.2","9261"
"Justin Germano","Rangers","0","0","0","2","0","5.1","5.06","5.06","1.69",".350","47.2 %","33.3 %","12.5 %","11.81","6.69","6.11","-0.1","1938"
"Frank Francisco","White Sox","0","0","0","4","0","3.2","12.27","7.36","4.91",".417","55.6 %","21.4 %","33.3 %","12.27","9.95","4.88","-0.2","1933"
"Raul Valdes","Astros","0","0","1","8","0","3.2","9.82","7.36","4.91",".300","57.7 %","8.3 %","18.2 %","12.27","10.50","7.11","-0.3","1953"
"Nick Maronde","Angels","0","0","0","11","0","6.1","9.95","9.95","0.00",".522","55.0 %","36.4 %","0.0 %","12.79","4.71","6.27","-0.1","12530"
"Justin Marks","Royals","0","0","0","1","0","2.0","9.00","13.50","0.00",".500","57.1 %","12.5 %","0.0 %","13.50","5.63","7.49","0.0","10265"
"Kevin Whelan","Tigers","0","0","0","1","0","1.1","6.75","13.50","13.50",".250","100.0 %","16.7 %","66.7 %","13.50","25.63","8.91","-0.1","3462"
"Daniel Hudson","Diamondbacks","0","1","0","3","0","2.2","6.75","0.00","0.00",".364","0.0 %","45.5 %","0.0 %","13.50","1.63","3.49","0.1","7146"
"Sean Burnett","Angels","0","0","0","3","0","0.2","0.00","0.00","0.00",".333","0.0 %","66.7 %","0.0 %","13.50","3.13","4.99","0.0","1886"
"Jarrett Grube","Angels","0","0","0","1","0","0.2","0.00","0.00","13.50",".000","100.0 %","0.0 %","100.0 %","13.50","22.63","4.99","-0.1","7553"
"Dario Alvarez","Mets","0","0","0","4","0","1.1","6.75","0.00","6.75",".500","76.9 %","42.9 %","33.3 %","13.50","11.38","4.41","-0.2","14239"
"Scott Snodgress","White Sox","0","0","0","4","0","2.1","3.86","11.57","3.86",".500","41.7 %","46.7 %","25.0 %","15.43","11.70","8.25","-0.1","12020"
"John Lannan","Mets","1","0","0","5","0","4.0","4.50","4.50","6.75",".286","41.7 %","47.1 %","50.0 %","15.75","13.38","5.49","-0.4","7080"
"Travis Snider","Pirates","0","0","0","1","0","1.0","9.00","18.00","0.00",".333","33.3 %","100.0 %","0.0 %","18.00","7.13","7.13","0.0","2830"
"Leury Garcia","White Sox","0","1","0","1","0","1.0","0.00","18.00","0.00",".250","33.3 %","50.0 %","0.0 %","18.00","9.13","10.37","-0.1","5913"
"Dean Anna","Yankees","0","0","0","1","0","1.0","0.00","0.00","0.00",".500","33.3 %","0.0 %","0.0 %","18.00","3.13","5.60","0.0","8353"
"Phillippe Aumont","Phillies","0","1","0","5","0","5.2","9.53","7.94","4.76",".524","47.3 %","45.8 %","37.5 %","19.06","10.54","5.41","-0.3","5362"
"Jim Miller","Yankees","0","0","0","2","0","2.2","6.75","6.75","10.13",".444","62.5 %","16.7 %","60.0 %","20.25","18.51","6.20","-0.3","7458"
"Bryan Price","Indians","0","0","0","3","0","2.2","3.38","3.38","10.13",".417","73.5 %","33.3 %","37.5 %","20.25","20.38","9.47","-0.2","8436"
"Charlie Leesman","White Sox","0","1","0","1","1","2.2","0.00","3.38","3.38",".533","46.5 %","37.5 %","16.7 %","20.25","9.13","7.04","-0.1","9124"
"Chris Leroux","Yankees","0","1","0","2","0","2.0","13.50","9.00","0.00",".700","44.4 %","50.0 %","0.0 %","22.50","3.13","4.37","0.0","7645"
"Mike Kickham","Giants","0","0","0","2","0","2.0","4.50","4.50","4.50",".538","52.6 %","57.1 %","50.0 %","22.50","10.13","4.87","-0.1","11618"
"Andrew Romine","Tigers","0","0","0","1","0","1.0","9.00","0.00","18.00",".500","83.3 %","0.0 %","50.0 %","27.00","27.13","6.08","-0.1","1159"
"Keith Butler","Cardinals","0","0","0","2","0","2.0","9.00","4.50","0.00",".600","25.0 %","60.0 %","0.0 %","27.00","4.13","4.75","0.0","10080"
"Luke Putkonen","Tigers","0","0","0","2","0","2.2","3.38","6.75","6.75",".333","16.1 %","42.9 %","50.0 %","27.00","15.51","7.61","-0.2","6736"
"Jose Ortega","Tigers","0","1","0","1","0","1.1","6.75","27.00","0.00",".000","20.0 %","50.0 %","0.0 %","27.00","12.88","13.81","-0.1","9651"
"Cesar Cabral","Yankees","0","0","0","4","0","1.0","18.00","18.00","0.00",".800","66.7 %","40.0 %","0.0 %","27.00","14.13","15.37","-0.1","6741"
"Joe Paterson","Diamondbacks","0","0","0","3","0","1.1","0.00","6.75","0.00",".500","16.7 %","12.5 %","0.0 %","33.75","7.63","10.41","-0.1","2565"
"Nate Jones","White Sox","0","0","0","2","0","0.0","0.00","27.00","0.00","1.000","20.0 %","0.0 %","0.0 %","36.00","12.13","13.37","0.0","4696"
"Samuel Tuivailala","Cardinals","0","0","0","2","0","1.0","9.00","18.00","18.00",".600","71.4 %","0.0 %","40.0 %","36.00","33.13","13.31","-0.3","13485"
"Aaron Brooks","Royals","0","1","0","2","1","2.2","6.75","10.13","3.38",".688","25.6 %","37.5 %","20.0 %","43.88","12.13","9.57","-0.2","12272"
"Josh Wall","Angels","0","0","0","2","0","1.0","0.00","27.00","0.00",".625","25.0 %","0.0 %","0.0 %","54.00","12.13","15.84","-0.1","4436"
"Trevor Bell","Reds","0","0","0","2","0","0.2","0.00","27.00","0.00",".714","28.6 %","42.9 %","0.0 %","67.50","12.13","15.84","-0.1","7074"
"Donnie Joseph","Royals","0","0","0","1","0","0.2","27.00","13.50","13.50","1.000","0.0 %","60.0 %","50.0 %","81.00","21.13","5.34","-0.1","6491"
